PLAYER_ID,PLAYER_NAME,TEAM_ID,TEAM_ABBREVIATION,AGE,PLAYER_HEIGHT,PLAYER_HEIGHT_INCHES,PLAYER_WEIGHT,COLLEGE,COUNTRY,DRAFT_YEAR,DRAFT_ROUND,DRAFT_NUMBER,GP,PTS,REB,AST,NET_RATING,OREB_PCT,DREB_PCT,USG_PCT,TS_PCT,AST_PCT
1630639,A.J. Lawson,1610612761,TOR,24.0,6-6,78,179,South Carolina,Canada,Undrafted,Undrafted,Undrafted,18,148,54,16,-1.9,0.031,0.113,0.188,0.504,0.075
1631260,AJ Green,1610612749,MIL,25.0,6-4,76,190,Northern Iowa,USA,Undrafted,Undrafted,Undrafted,66,486,150,97,3.4,0.011,0.084,0.126,0.61,0.087
1642358,AJ Johnson,1610612764,WAS,20.0,6-5,77,160,None,USA,2024,1,23,20,113,40,47,-3.6,0.017,0.095,0.162,0.502,0.21
203932,Aaron Gordon,1610612743,DEN,29.0,6-8,80,235,Arizona,USA,2014,1,4,45,626,219,139,9.1,0.059,0.115,0.182,0.649,0.142
1628988,Aaron Holiday,1610612745,HOU,28.0,6-0,72,185,UCLA,USA,2018,1,23,55,287,68,69,5.7,0.015,0.071,0.16,0.582,0.138
1630174,Aaron Nesmith,1610612754,IND,25.0,6-6,78,215,Vanderbilt,USA,2020,1,14,37,426,140,50,9.7,0.031,0.115,0.165,0.658,0.07
1630598,Aaron Wiggins,1610612760,OKC,26.0,6-5,77,190,Maryland,USA,2021,2,55,70,819,264,119,14.5,0.048,0.109,0.195,0.598,0.099
1641745,Adam Flagler,1610612760,OKC,25.0,6-3,75,180,Baylor,USA,Undrafted,Undrafted,Undrafted,31,44,17,8,-2.8,0.036,0.073,0.223,0.306,0.096
1641766,Adama Sanogo,1610612741,CHI,23.0,6-9,81,245,Connecticut,Mali,Undrafted,Undrafted,Undrafted,4,8,6,1,-18.1,0.217,0.053,0.145,0.571,0.067
1641737,Adem Bona,1610612755,PHI,22.0,6-10,82,235,UCLA,Nigeria,2024,2,41,49,199,168,20,-3.8,0.099,0.163,0.116,0.696,0.044
1642349,Ajay Mitchell,1610612760,OKC,22.0,6-5,77,190,California-Santa Barbara,Belgium,2024,2,38,34,218,67,57,9.1,0.028,0.086,0.155,0.604,0.146
201143,Al Horford,1610612738,BOS,38.0,6-9,81,240,Florida,Dominican Republic,2007,1,3,56,481,337,120,11.3,0.046,0.162,0.133,0.557,0.103
202692,Alec Burks,1610612748,MIA,33.0,6-5,77,214,Colorado,USA,2011,1,12,41,267,103,45,3.6,0.019,0.119,0.148,0.602,0.093
1627936,Alex Caruso,1610612760,OKC,31.0,6-5,77,186,Texas A&M,USA,Undrafted,Undrafted,Undrafted,48,332,133,123,14.9,0.033,0.101,0.144,0.568,0.175
1642505,Alex Ducas,1610612760,OKC,24.0,6-7,79,220,St.Mary's College of California,Australia,Undrafted,Undrafted,Undrafted,19,29,19,3,-14.4,0.052,0.12,0.123,0.58,0.048
203458,Alex Len,1610612747,LAL,31.0,7-0,84,250,Maryland,Ukraine,2013,1,5,45,70,93,37,-16.3,0.096,0.146,0.096,0.526,0.143
1642024,Alex Reese,1610612755,PHI,25.0,6-9,81,245,Alabama,USA,Undrafted,Undrafted,Undrafted,11,57,33,3,10.0,0.043,0.146,0.122,0.655,0.022
1642259,Alex Sarr,1610612764,WAS,19.0,7-0,84,205,None,France,2024,1,2,58,759,387,132,-14.3,0.065,0.158,0.224,0.492,0.133
1631214,Alondes Williams,1610612765,DET,25.0,6-4,76,210,Wake Forest,USA,Undrafted,Undrafted,Undrafted,1,5,0,1,85.7,0.0,0.0,0.286,1.25,0.333
1630578,Alperen Sengun,1610612745,HOU,22.0,6-11,83,243,None,Turkey,2021,1,16,70,1342,735,342,6.9,0.1,0.213,0.26,0.546,0.239
1641708,Amen Thompson,1610612745,HOU,22.0,6-7,79,200,None,USA,2023,1,4,63,884,525,229,5.3,0.078,0.163,0.172,0.599,0.158
1629599,Amir Coffey,1610612746,LAC,27.0,6-7,79,210,Minnesota,USA,Undrafted,Undrafted,Undrafted,70,695,159,77,-0.8,0.019,0.071,0.15,0.614,0.065
203083,Andre Drummond,1610612755,PHI,31.0,6-11,83,279,Connecticut,USA,2012,1,9,40,293,310,34,-15.5,0.134,0.288,0.183,0.535,0.07
1641748,Andre Jackson Jr.,1610612749,MIL,23.0,6-6,78,209,Connecticut,USA,2023,2,36,61,214,172,77,-1.1,0.066,0.116,0.115,0.552,0.108
1629614,Andrew Nembhard,1610612754,IND,25.0,6-4,76,191,Gonzaga,Canada,2022,2,31,57,584,184,291,6.1,0.019,0.089,0.162,0.56,0.226
203952,Andrew Wiggins,1610612748,MIA,30.0,6-7,79,197,Kansas,Canada,2014,1,1,58,1054,258,150,-2.6,0.043,0.094,0.238,0.569,0.135
1629014,Anfernee Simons,1610612757,POR,25.0,6-3,75,200,None,USA,2018,1,24,69,1333,186,333,-4.3,0.01,0.069,0.24,0.561,0.241
1641710,Anthony Black,1610612753,ORL,21.0,6-7,79,200,Arkansas,USA,2023,1,6,70,655,198,216,-2.4,0.026,0.097,0.188,0.528,0.206
203076,Anthony Davis,1610612742,DAL,32.0,6-10,82,253,Kentucky,USA,2012,1,1,45,1134,528,153,0.9,0.086,0.254,0.298,0.596,0.173
1630162,Anthony Edwards,1610612750,MIN,23.0,6-4,76,225,Georgia,USA,2020,1,1,71,1932,405,325,3.8,0.022,0.133,0.309,0.588,0.214
1630264,Anthony Gill,1610612764,WAS,32.0,6-8,80,230,Virginia,USA,Undrafted,Undrafted,Undrafted,47,109,47,14,-4.0,0.03,0.111,0.124,0.631,0.061
1641817,Anton Watson,1610612752,NYK,24.0,6-8,80,225,Gonzaga,USA,2024,2,54,7,8,2,2,-26.2,0.067,0.083,0.222,0.5,0.154
1641810,Antonio Reeves,1610612740,NOP,22.0,6-5,77,205,Kentucky,USA,2024,2,47,36,173,40,25,-9.9,0.033,0.068,0.176,0.578,0.093
1630574,Ariel Hukporti,1610612752,NYK,22.0,6-11,83,246,None,Germany,2024,2,58,25,48,51,11,-12.4,0.066,0.151,0.113,0.654,0.075
1642422,Armel Traoré,1610612747,LAL,22.0,6-9,81,245,None,France,Undrafted,Undrafted,Undrafted,9,14,15,1,-37.3,0.026,0.228,0.153,0.317,0.026
1641709,Ausar Thompson,1610612765,DET,22.0,6-6,78,205,None,USA,2023,1,5,52,505,258,114,4.6,0.086,0.137,0.185,0.577,0.14
1630559,Austin Reaves,1610612747,LAL,26.0,6-5,77,197,Oklahoma,USA,Undrafted,Undrafted,Undrafted,65,1293,287,382,3.1,0.024,0.1,0.232,0.606,0.248
1630245,Ayo Dosunmu,1610612741,CHI,25.0,6-5,77,200,Illinois,USA,2021,2,38,46,566,161,208,-7.7,0.018,0.09,0.163,0.585,0.21
1628389,Bam Adebayo,1610612748,MIA,27.0,6-9,81,255,Kentucky,USA,2017,1,14,71,1247,688,304,-1.5,0.071,0.213,0.229,0.558,0.203
1631248,Baylor Scheierman,1610612738,BOS,24.0,6-6,78,205,Creighton,USA,2024,1,30,23,68,40,22,2.5,0.042,0.132,0.125,0.518,0.126
1641767,Ben Sheppard,1610612754,IND,23.0,6-6,78,190,Belmont,USA,2023,1,26,59,316,166,77,-3.1,0.034,0.106,0.108,0.556,0.084
1627732,Ben Simmons,1610612746,LAC,28.0,6-10,82,240,Louisiana State,Australia,2016,1,1,45,250,224,270,-1.6,0.043,0.184,0.137,0.545,0.371
1631097,Bennedict Mathurin,1610612754,IND,22.0,6-5,77,210,Arizona,Canada,2022,1,6,67,1082,360,124,1.4,0.04,0.135,0.22,0.585,0.088
1641731,Bilal Coulibaly,1610612764,WAS,20.0,6-8,80,195,None,France,2023,1,7,59,727,294,199,-13.8,0.043,0.098,0.175,0.515,0.15
202687,Bismack Biyombo,1610612759,SAS,32.0,6-8,80,255,None,DRC,2011,1,7,20,103,104,26,-7.8,0.084,0.197,0.117,0.641,0.095
1631104,Blake Wesley,1610612759,SAS,22.0,6-3,75,185,Notre Dame,USA,2022,1,25,48,161,39,90,5.1,0.021,0.058,0.168,0.535,0.253
1626171,Bobby Portis,1610612749,MIL,30.0,6-10,82,250,Arkansas,USA,2015,1,22,46,631,383,102,2.6,0.071,0.237,0.236,0.538,0.133
1641752,Bobi Klintman,1610612765,DET,22.0,6-9,81,225,None,Sweden,2024,2,37,6,0,4,1,14.5,0.0,0.286,0.077,0.0,0.071
203992,Bogdan Bogdanović,1610612746,LAC,32.0,6-5,77,225,None,Serbia,2014,1,27,45,485,136,122,1.1,0.016,0.098,0.184,0.545,0.152
1629626,Bol Bol,1610612756,PHX,25.0,7-3,87,220,Oregon,Sudan,2019,2,44,33,237,103,20,-3.1,0.047,0.172,0.205,0.626,0.067
1630538,Bones Hyland,1610612750,MIN,24.0,6-2,74,169,Virginia Commonwealth,USA,2021,1,26,23,149,24,32,-5.9,0.02,0.08,0.276,0.576,0.248
203078,Bradley Beal,1610612756,PHX,31.0,6-4,76,207,Florida,USA,2012,1,3,48,832,164,174,-7.8,0.023,0.084,0.221,0.606,0.176
1642382,Branden Carlson,1610612760,OKC,25.0,7-0,84,220,Utah,USA,Undrafted,Undrafted,Undrafted,24,78,36,9,8.8,0.056,0.161,0.168,0.649,0.076
1641764,Brandin Podziemski,1610612744,GSW,22.0,6-4,76,205,Santa Clara,USA,2023,1,19,55,581,270,183,5.4,0.034,0.148,0.172,0.53,0.19
1630527,Brandon Boston,1610612740,NOP,23.0,6-6,78,188,Kentucky,USA,2021,2,51,42,448,134,92,-6.2,0.026,0.107,0.199,0.535,0.14
1629634,Brandon Clarke,1610612763,MEM,28.0,6-8,80,215,Gonzaga,Canada,2019,1,21,64,534,326,66,8.2,0.102,0.148,0.15,0.638,0.072
1627742,Brandon Ingram,1610612761,TOR,27.0,6-8,80,190,Duke,USA,2016,1,2,18,400,100,93,-10.7,0.027,0.14,0.305,0.56,0.28
1641706,Brandon Miller,1610612766,CHA,22.0,6-7,79,200,Alabama,USA,2023,1,2,27,568,131,98,-6.8,0.024,0.117,0.27,0.54,0.182
1630314,Brandon Williams,1610612742,DAL,25.0,6-1,73,190,Arizona,USA,Undrafted,Undrafted,Undrafted,30,246,52,70,0.0,0.025,0.089,0.215,0.631,0.236
1641729,Brice Sensabaugh,1610612762,UTA,21.0,6-5,77,235,Ohio State,USA,2023,1,28,64,650,176,87,-9.2,0.027,0.108,0.209,0.612,0.111
1642355,Bronny James,1610612747,LAL,20.0,6-3,75,210,Southern California,USA,2024,2,55,23,52,13,14,-19.7,0.021,0.075,0.213,0.447,0.165
201572,Brook Lopez,1610612749,MIL,36.0,7-1,85,282,Stanford,USA,2008,1,10,72,932,364,129,2.6,0.046,0.106,0.154,0.622,0.077
1628971,Bruce Brown,1610612740,NOP,28.0,6-4,76,202,Miami,USA,2018,2,42,36,295,134,70,-12.3,0.043,0.123,0.169,0.516,0.13
1628981,Bruno Fernando,1610612761,TOR,26.0,6-9,81,240,Maryland,Angola,2019,2,34,17,58,51,18,-6.1,0.127,0.21,0.182,0.552,0.194
1631121,Bryce McGowens,1610612757,POR,22.0,6-6,78,190,Nebraska,USA,2022,2,40,13,13,3,2,-7.2,0.056,0.034,0.244,0.391,0.105
1642267,Bub Carrington,1610612764,WAS,19.0,6-4,76,190,Pittsburgh,USA,2024,1,14,73,666,296,303,-15.7,0.013,0.117,0.149,0.505,0.202
1627741,Buddy Hield,1610612744,GSW,32.0,6-4,76,220,Oklahoma,Bahamas,2016,1,6,73,817,236,126,1.2,0.023,0.112,0.196,0.56,0.111
203468,CJ McCollum,1610612740,NOP,33.0,6-3,75,190,Lehigh,USA,2013,1,10,56,1183,212,227,-7.1,0.022,0.091,0.266,0.55,0.192
1630595,Cade Cunningham,1610612765,DET,23.0,6-6,78,220,Oklahoma State,USA,2021,1,1,66,1698,405,609,3.2,0.023,0.148,0.321,0.559,0.409
1631216,Caleb Houstan,1610612753,ORL,22.0,6-8,80,205,Michigan,Canada,2022,2,32,50,172,49,21,-7.2,0.021,0.061,0.114,0.562,0.053
1628997,Caleb Martin,1610612742,DAL,29.0,6-5,77,205,Nevada,USA,Undrafted,Undrafted,Undrafted,37,309,152,82,-5.6,0.041,0.106,0.14,0.524,0.114
1642353,Cam Christie,1610612746,LAC,19.0,6-6,78,190,Minnesota,USA,2024,2,46,8,13,7,5,10.5,0.026,0.128,0.18,0.409,0.185
1629629,Cam Reddish,1610612747,LAL,25.0,6-7,79,217,Duke,USA,2019,1,10,33,105,66,22,-8.4,0.029,0.081,0.084,0.498,0.049
1642285,Cam Spencer,1610612763,MEM,24.0,6-4,76,205,Connecticut,USA,2024,2,53,20,78,27,25,4.9,0.042,0.089,0.134,0.605,0.168
1630560,Cam Thomas,1610612751,BKN,23.0,6-3,75,210,Louisiana State,Japan,2021,1,27,25,599,83,94,-5.7,0.02,0.089,0.328,0.575,0.217
1641715,Cam Whitmore,1610612745,HOU,20.0,6-7,79,230,Villanova,USA,2023,1,20,44,395,131,40,2.4,0.038,0.135,0.23,0.522,0.087
1629661,Cameron Johnson,1610612751,BKN,29.0,6-8,80,210,North Carolina,USA,2019,1,11,56,1052,238,187,-6.0,0.029,0.111,0.223,0.632,0.174
1626166,Cameron Payne,1610612752,NYK,30.0,6-3,75,183,Murray State,USA,2015,1,14,66,460,96,181,9.0,0.013,0.083,0.199,0.541,0.245
1627747,Caris LeVert,1610612737,ATL,30.0,6-6,78,205,Michigan,USA,2016,1,20,56,660,172,191,8.0,0.024,0.093,0.187,0.582,0.178
1641717,Cason Wallace,1610612760,OKC,21.0,6-3,75,195,Kentucky,USA,2023,1,10,62,510,214,155,10.7,0.036,0.082,0.124,0.56,0.115
1629646,Charles Bassey,1610612759,SAS,24.0,6-10,82,230,Western Kentucky,Nigeria,2021,2,53,34,157,151,17,-15.5,0.136,0.247,0.168,0.601,0.076
1631096,Chet Holmgren,1610612760,OKC,22.0,7-1,85,208,Gonzaga,USA,2022,1,2,26,386,219,48,16.4,0.058,0.215,0.217,0.59,0.087
1628449,Chris Boucher,1610612761,TOR,32.0,6-9,81,200,Oregon,Saint Lucia,Undrafted,Undrafted,Undrafted,50,502,224,33,-0.2,0.077,0.175,0.208,0.615,0.057
1630537,Chris Duarte,1610612741,CHI,27.0,6-5,77,190,Oregon,Dominican Republic,2021,1,13,17,36,20,9,2.8,0.06,0.165,0.151,0.61,0.173
1641753,Chris Livingston,1610612749,MIL,21.0,6-6,78,220,Kentucky,USA,2023,2,58,17,21,24,2,-11.8,0.091,0.18,0.139,0.449,0.044
101108,Chris Paul,1610612759,SAS,39.0,6-0,72,175,Wake Forest,USA,2005,1,4,72,625,259,550,0.1,0.014,0.109,0.133,0.58,0.349
1631128,Christian Braun,1610612743,DEN,23.0,6-6,78,220,Kansas,USA,2022,1,21,73,1106,370,180,7.7,0.039,0.107,0.155,0.659,0.093
1631132,Christian Koloko,1610612747,LAL,24.0,7-0,84,225,Arizona,Cameroon,2022,2,33,34,84,82,16,-2.0,0.093,0.159,0.103,0.633,0.073
1629643,Chuma Okeke,1610612755,PHI,26.0,6-7,79,229,Auburn,USA,2019,1,16,7,48,43,13,-9.3,0.11,0.15,0.09,0.699,0.099
203991,Clint Capela,1610612737,ATL,30.0,6-10,82,256,None,Switzerland,2014,1,25,55,488,469,62,-2.7,0.132,0.238,0.16,0.564,0.073
1629632,Coby White,1610612741,CHI,25.0,6-5,77,195,North Carolina,USA,2019,1,7,66,1345,234,297,-3.3,0.01,0.09,0.237,0.592,0.198
1628998,Cody Martin,1610612756,PHX,29.0,6-6,78,205,Nevada,USA,2019,2,36,46,339,204,98,-0.9,0.041,0.132,0.143,0.518,0.13
1642262,Cody Williams,1610612762,UTA,20.0,6-7,79,190,Colorado,USA,2024,1,10,50,230,113,59,-15.5,0.024,0.075,0.122,0.419,0.078
1641732,Colby Jones,1610612764,WAS,22.0,6-6,78,207,Xavier,USA,2023,2,34,32,84,46,22,-7.5,0.046,0.111,0.122,0.591,0.108
1630175,Cole Anthony,1610612753,ORL,24.0,6-2,74,185,North Carolina,USA,2020,1,15,61,585,186,175,-1.0,0.035,0.129,0.243,0.527,0.252
1631306,Cole Swider,1610612761,TOR,25.0,6-8,80,220,Syracuse,USA,Undrafted,Undrafted,Undrafted,4,12,5,1,28.3,0.0,0.071,0.135,0.344,0.025
1630658,Colin Castleton,1610612761,TOR,24.0,6-10,82,250,Florida,USA,Undrafted,Undrafted,Undrafted,20,83,83,18,-1.9,0.099,0.128,0.13,0.523,0.085
1631221,Collin Gillespie,1610612756,PHX,25.0,6-1,73,195,Villanova,USA,Undrafted,Undrafted,Undrafted,25,117,47,53,5.5,0.054,0.115,0.157,0.631,0.268
1629012,Collin Sexton,1610612762,UTA,26.0,6-3,75,190,Alabama,USA,2018,1,8,59,1072,163,246,-6.1,0.034,0.06,0.264,0.59,0.244
1630557,Corey Kispert,1610612764,WAS,26.0,6-6,78,224,Gonzaga,USA,2021,1,15,61,705,181,103,-8.5,0.021,0.084,0.169,0.584,0.094
202709,Cory Joseph,1610612753,ORL,33.0,6-2,74,200,Texas,Canada,2011,1,29,43,137,51,52,1.3,0.026,0.082,0.128,0.541,0.16
1641854,Craig Porter Jr.,1610612739,CLE,25.0,6-1,73,180,Wichita State,USA,Undrafted,Undrafted,Undrafted,46,138,53,61,-0.9,0.036,0.089,0.137,0.643,0.194
1642385,Cui Yongxi,1610612751,BKN,21.0,6-5,77,190,None,China,Undrafted,Undrafted,Undrafted,5,3,2,0,4.8,0.0,0.2,0.296,0.19,0.0
1626156,D'Angelo Russell,1610612751,BKN,29.0,6-3,75,193,Ohio State,USA,2015,1,2,56,714,157,285,-1.6,0.013,0.093,0.229,0.522,0.3
1630618,D.J. Carton,1610612761,TOR,24.0,6-3,75,200,Marquette,USA,Undrafted,Undrafted,Undrafted,4,3,4,3,12.9,0.0,0.098,0.122,0.202,0.1
1629610,DaQuan Jeffries,1610612766,CHA,27.0,6-5,77,222,Tulsa,USA,Undrafted,Undrafted,Undrafted,38,251,104,42,-8.2,0.034,0.085,0.137,0.525,0.074
1631342,Daeqwon Plowden,1610612737,ATL,26.0,6-6,78,216,Bowling Green,USA,Undrafted,Undrafted,Undrafted,2,24,5,0,16.7,0.075,0.057,0.15,1.103,0.0
1630227,Daishen Nix,1610612750,MIN,23.0,6-4,76,238,None,USA,Undrafted,Undrafted,Undrafted,3,1,4,3,23.9,0.0,0.444,0.176,0.266,0.231
1630625,Dalano Banton,1610612757,POR,25.0,6-8,80,203,Nebraska,Canada,2021,2,46,59,447,108,123,-0.4,0.024,0.092,0.234,0.528,0.212
1631207,Dalen Terry,1610612741,CHI,22.0,6-7,79,195,Arizona,USA,2022,1,18,66,291,104,83,-8.7,0.036,0.076,0.143,0.56,0.136
1642261,Dalton Knecht,1610612747,LAL,23.0,6-6,78,215,Tennessee,USA,2024,1,17,70,652,202,64,-2.8,0.024,0.118,0.179,0.593,0.068
203081,Damian Lillard,1610612749,MIL,34.0,6-2,74,195,Weber State,USA,2012,1,6,58,1447,272,410,0.7,0.014,0.108,0.269,0.621,0.299
1641878,Damion Baugh,1610612766,CHA,24.0,6-4,76,194,TCU,USA,Undrafted,Undrafted,Undrafted,11,91,34,43,-23.7,0.025,0.094,0.182,0.43,0.232
1627814,Damion Lee,1610612756,PHX,32.0,6-6,78,210,Drexel,USA,Undrafted,Undrafted,Undrafted,19,63,15,9,10.1,0.016,0.098,0.266,0.481,0.13
1629655,Daniel Gafford,1610612742,DAL,26.0,6-10,82,265,Arkansas,USA,2019,2,38,51,627,350,73,2.3,0.125,0.168,0.183,0.716,0.096
1628464,Daniel Theis,1610612740,NOP,32.0,6-8,80,245,None,Germany,Undrafted,Undrafted,Undrafted,38,162,164,60,-5.9,0.062,0.192,0.111,0.558,0.131
1642450,Daniss Jenkins,1610612765,DET,23.0,6-3,75,165,St. John's,USA,Undrafted,Undrafted,Undrafted,5,0,0,0,-57.1,0.0,0.0,0.25,0.0,0.0
203957,Danté Exum,1610612742,DAL,29.0,6-5,77,214,None,Australia,2014,1,5,18,164,30,50,-8.7,0.011,0.074,0.195,0.591,0.219
203967,Dario Šarić,1610612743,DEN,30.0,6-10,82,225,None,Croatia,2014,1,12,15,52,49,22,-10.3,0.061,0.158,0.157,0.43,0.169
1641727,Dariq Whitehead,1610612751,BKN,20.0,6-6,78,220,Duke,USA,2023,1,22,12,53,9,2,-12.4,0.009,0.084,0.21,0.612,0.035
1629636,Darius Garland,1610612739,CLE,25.0,6-1,73,192,Vanderbilt,USA,2019,1,5,69,1426,197,461,10.4,0.02,0.069,0.266,0.602,0.307
1630561,David Duke Jr.,1610612759,SAS,25.0,6-4,76,204,Providence,USA,Undrafted,Undrafted,Undrafted,4,5,3,3,25.6,0.0,0.13,0.225,0.317,0.2
1631223,David Roddy,1610612745,HOU,24.0,6-4,76,255,Colorado State,USA,2022,1,23,30,140,79,33,-7.3,0.034,0.177,0.157,0.575,0.125
1630558,Davion Mitchell,1610612748,MIA,26.0,6-0,72,202,Baylor,USA,2021,1,9,66,494,143,308,-1.5,0.018,0.061,0.132,0.571,0.23
1630549,Day'Ron Sharpe,1610612751,BKN,23.0,6-9,81,265,North Carolina,USA,2021,1,29,50,397,330,91,2.1,0.149,0.202,0.186,0.568,0.158
1628368,De'Aaron Fox,1610612759,SAS,27.0,6-3,75,185,Kentucky,USA,2017,1,5,62,1459,298,392,-1.2,0.023,0.106,0.274,0.56,0.262
1629631,De'Andre Hunter,1610612739,CLE,27.0,6-8,80,221,Virginia,USA,2019,1,4,58,993,232,80,1.6,0.026,0.113,0.22,0.627,0.074
1629001,De'Anthony Melton,1610612751,BKN,26.0,6-3,75,200,Southern California,USA,2018,2,46,6,62,20,17,10.9,0.046,0.104,0.223,0.539,0.205
201599,DeAndre Jordan,1610612743,DEN,36.0,6-11,83,265,Texas A&M,USA,2008,2,35,50,185,248,49,-1.9,0.12,0.263,0.126,0.637,0.107
201942,DeMar DeRozan,1610612758,SAC,35.0,6-6,78,220,Southern California,USA,2009,1,9,68,1496,265,296,1.2,0.017,0.091,0.24,0.573,0.177
1629731,Dean Wade,1610612739,CLE,28.0,6-9,81,228,Kansas State,USA,Undrafted,Undrafted,Undrafted,54,294,238,70,10.6,0.044,0.153,0.101,0.563,0.074
1629028,Deandre Ayton,1610612757,POR,26.0,7-0,84,252,Arizona,Bahamas,2018,1,1,40,576,406,64,-6.9,0.099,0.243,0.197,0.583,0.083
1627749,Dejounte Murray,1610612740,NOP,28.0,6-4,76,180,Washington,USA,2016,1,29,31,542,200,228,-9.1,0.015,0.183,0.263,0.494,0.347
1626153,Delon Wright,1610612752,NYK,32.0,6-5,77,185,Utah,USA,2015,1,20,34,84,52,58,-0.7,0.037,0.069,0.111,0.405,0.165
1630166,Deni Avdija,1610612757,POR,24.0,6-9,81,240,None,Israel,2020,1,9,68,1091,474,256,-1.6,0.043,0.189,0.221,0.604,0.188
203471,Dennis Schröder,1610612765,DET,31.0,6-1,73,175,None,Germany,2013,1,17,68,903,176,364,-0.3,0.012,0.082,0.215,0.539,0.291
1641726,Dereck Lively II,1610612742,DAL,21.0,7-1,85,230,Duke,USA,2023,1,12,32,292,251,84,8.1,0.125,0.184,0.133,0.704,0.154
1627884,Derrick Jones Jr.,1610612746,LAC,28.0,6-6,78,210,UNLV,USA,Undrafted,Undrafted,Undrafted,68,703,237,51,5.9,0.052,0.093,0.162,0.61,0.043
1628401,Derrick White,1610612738,BOS,30.0,6-4,76,190,Colorado,USA,2017,1,29,69,1141,300,312,9.7,0.024,0.099,0.196,0.606,0.191
1630217,Desmond Bane,1610612763,MEM,26.0,6-5,77,215,TCU,USA,2020,1,30,61,1141,375,333,3.8,0.028,0.152,0.226,0.595,0.239
1626164,Devin Booker,1610612756,PHX,28.0,6-6,78,206,Kentucky,USA,2015,1,13,68,1720,278,483,-2.1,0.027,0.08,0.28,0.589,0.299
1642269,Devin Carter,1610612758,SAC,23.0,6-2,74,195,Providence,USA,2024,1,13,29,115,63,34,-2.0,0.044,0.174,0.178,0.494,0.16
1630170,Devin Vassell,1610612759,SAS,24.0,6-5,77,200,Florida State,USA,2020,1,11,57,941,226,167,-5.8,0.017,0.105,0.219,0.552,0.142
1628415,Dillon Brooks,1610612745,HOU,29.0,6-6,78,225,Oregon,Canada,2017,2,45,70,976,263,123,4.8,0.029,0.082,0.174,0.55,0.077
1641794,Dillon Jones,1610612760,OKC,23.0,6-5,77,235,Weber State,USA,2024,1,26,45,105,89,46,4.4,0.05,0.145,0.137,0.435,0.154
1627734,Domantas Sabonis,1610612758,SAC,28.0,6-10,82,240,Gonzaga,Lithuania,2016,1,11,61,1158,852,375,3.4,0.108,0.288,0.211,0.656,0.252
1631230,Dominick Barlow,1610612737,ATL,21.0,6-8,80,215,None,USA,Undrafted,Undrafted,Undrafted,27,113,63,12,-8.3,0.084,0.144,0.145,0.567,0.062
1642270,Donovan Clingan,1610612757,POR,21.0,7-2,86,280,Connecticut,USA,2024,1,7,59,362,435,60,-1.3,0.144,0.219,0.138,0.579,0.078
1628378,Donovan Mitchell,1610612739,CLE,28.0,6-3,75,215,Louisville,USA,2017,1,13,67,1605,295,329,10.6,0.024,0.108,0.3,0.574,0.237
1628978,Donte DiVincenzo,1610612750,MIN,28.0,6-4,76,203,Villanova,USA,2018,1,17,55,645,208,207,4.7,0.02,0.115,0.185,0.577,0.206
1627827,Dorian Finney-Smith,1610612747,LAL,31.0,6-7,79,220,Florida,USA,Undrafted,Undrafted,Undrafted,55,462,219,74,7.6,0.05,0.09,0.123,0.591,0.064
203926,Doug McDermott,1610612758,SAC,33.0,6-6,78,225,Creighton,USA,2014,1,11,37,121,18,4,0.7,0.007,0.055,0.146,0.622,0.019
203110,Draymond Green,1610612744,GSW,35.0,6-6,78,230,Michigan State,USA,2012,2,35,59,533,361,336,6.2,0.037,0.167,0.157,0.534,0.256
1629234,Drew Eubanks,1610612746,LAC,28.0,6-10,82,245,Oregon State,USA,Undrafted,Undrafted,Undrafted,54,258,211,50,-9.1,0.076,0.211,0.146,0.622,0.108
1641809,Drew Peterson,1610612738,BOS,25.0,6-9,81,205,Southern California,USA,Undrafted,Undrafted,Undrafted,20,41,30,13,20.7,0.036,0.16,0.107,0.639,0.11
1631166,Drew Timme,1610612751,BKN,24.0,6-10,82,235,Gonzaga,USA,Undrafted,Undrafted,Undrafted,1,11,10,1,-26.2,0.108,0.24,0.156,0.751,0.091
1630696,Dru Smith,1610612748,MIA,27.0,6-2,74,203,Missouri,USA,Undrafted,Undrafted,Undrafted,14,87,36,23,6.8,0.042,0.086,0.131,0.656,0.128
1629130,Duncan Robinson,1610612748,MIA,30.0,6-7,79,215,Michigan,USA,Undrafted,Undrafted,Undrafted,68,745,155,168,-0.6,0.01,0.084,0.187,0.589,0.152
1641871,Duop Reath,1610612757,POR,28.0,6-9,81,245,Louisiana State,South Sudan,Undrafted,Undrafted,Undrafted,42,183,83,24,-3.7,0.083,0.112,0.165,0.566,0.082
203939,Dwight Powell,1610612742,DAL,33.0,6-10,82,240,Stanford,Canada,2014,2,45,49,108,112,54,-0.9,0.09,0.134,0.074,0.739,0.14
1630700,Dyson Daniels,1610612737,ATL,22.0,6-7,79,199,None,Australia,2022,1,8,68,948,392,294,-1.3,0.045,0.124,0.177,0.537,0.171
1630604,E.J. Liddell,1610612741,CHI,24.0,6-6,78,240,Ohio State,USA,2022,2,41,7,15,5,3,0.4,0.034,0.108,0.148,0.689,0.1
203901,Elfrid Payton,1610612740,NOP,31.0,6-3,75,195,Louisana-Lafayette,USA,2014,1,10,16,63,48,93,-10.4,0.025,0.103,0.157,0.365,0.406
1641989,Elijah Harkless,1610612762,UTA,25.0,6-3,75,195,UNLV,USA,Undrafted,Undrafted,Undrafted,10,32,21,8,9.7,0.058,0.092,0.12,0.425,0.073
1641801,Emanuel Miller,1610612741,CHI,24.0,6-7,79,215,TCU,Canada,Undrafted,Undrafted,Undrafted,1,0,0,0,-60.0,0.0,0.0,0.0,0.0,0.0
1641734,Emoni Bates,1610612739,CLE,21.0,6-8,80,170,Eastern Michigan,USA,2023,2,49,7,6,0,4,-31.0,0.0,0.0,0.192,0.214,0.25
1642402,Enrique Freeman,1610612754,IND,24.0,6-7,79,220,Akron,USA,2024,2,50,20,34,19,8,-18.6,0.039,0.106,0.1,0.538,0.073
201569,Eric Gordon,1610612755,PHI,36.0,6-3,75,215,Indiana,USA,2008,1,7,39,266,46,65,-5.4,0.011,0.052,0.14,0.591,0.118
1630596,Evan Mobley,1610612739,CLE,23.0,6-11,83,215,Southern California,USA,2021,1,3,65,1203,605,200,12.5,0.075,0.216,0.226,0.637,0.146
1630532,Franz Wagner,1610612753,ORL,23.0,6-10,82,220,Michigan,Germany,2021,1,8,54,1311,311,255,5.0,0.028,0.147,0.31,0.555,0.248
1627832,Fred VanVleet,1610612745,HOU,31.0,6-0,72,197,Wichita State,USA,Undrafted,Undrafted,Undrafted,55,793,214,305,6.4,0.015,0.093,0.178,0.52,0.217
1641713,GG Jackson,1610612763,MEM,20.0,6-9,81,210,South Carolina,USA,2023,2,45,25,196,81,26,-6.3,0.056,0.128,0.221,0.509,0.086
1629216,Gabe Vincent,1610612747,LAL,28.0,6-2,74,200,California-Santa Barbara,USA,Undrafted,Undrafted,Undrafted,64,398,78,89,0.2,0.011,0.045,0.13,0.529,0.092
202066,Garrett Temple,1610612761,TOR,38.0,6-5,77,195,Louisiana State,USA,Undrafted,Undrafted,Undrafted,25,32,24,26,-3.1,0.025,0.099,0.12,0.345,0.176
1629726,Garrison Mathews,1610612737,ATL,28.0,6-6,78,215,Lipscomb,USA,Undrafted,Undrafted,Undrafted,46,341,83,59,-4.2,0.015,0.084,0.154,0.605,0.106
203914,Gary Harris,1610612753,ORL,30.0,6-4,76,210,Michigan State,USA,2014,1,19,40,112,55,25,4.5,0.026,0.063,0.085,0.49,0.057
1627780,Gary Payton II,1610612744,GSW,32.0,6-2,74,195,Oregon State,USA,Undrafted,Undrafted,Undrafted,58,380,173,76,3.3,0.055,0.134,0.154,0.647,0.13
1629018,Gary Trent Jr.,1610612749,MIL,26.0,6-5,77,204,Duke,USA,2018,2,37,66,731,152,75,0.9,0.011,0.076,0.168,0.595,0.063
1627777,Georges Niang,1610612737,ATL,31.0,6-7,79,230,Iowa State,USA,2016,2,50,71,703,260,102,5.5,0.029,0.13,0.172,0.614,0.089
203507,Giannis Antetokounmpo,1610612749,MIL,30.0,6-11,83,243,None,Greece,2013,1,15,60,1814,717,357,5.8,0.07,0.264,0.35,0.62,0.321
1629048,Goga Bitadze,1610612753,ORL,25.0,6-10,82,250,None,Georgia,2019,1,18,63,461,426,121,0.7,0.115,0.229,0.141,0.64,0.139
1641711,Gradey Dick,1610612761,TOR,21.0,6-6,78,200,Kansas,USA,2023,1,13,54,777,193,98,-5.8,0.027,0.092,0.209,0.543,0.087
1629684,Grant Williams,1610612766,CHA,26.0,6-6,78,236,Tennessee,USA,2019,1,22,16,166,82,37,1.6,0.035,0.134,0.146,0.596,0.107
1628960,Grayson Allen,1610612756,PHX,29.0,6-4,76,198,Duke,USA,2018,1,21,56,576,170,117,-1.4,0.023,0.101,0.162,0.634,0.121
1627824,Guerschon Yabusele,1610612755,PHI,29.0,6-8,80,265,None,France,2016,1,16,67,726,380,138,-3.3,0.071,0.151,0.163,0.617,0.113
1630611,Gui Santos,1610612744,GSW,22.0,6-6,78,185,None,Brazil,2022,2,55,48,210,147,64,9.4,0.076,0.134,0.128,0.607,0.129
203084,Harrison Barnes,1610612759,SAS,32.0,6-8,80,225,North Carolina,USA,2012,1,7,72,844,271,121,-1.0,0.046,0.087,0.152,0.641,0.085
1631127,Harrison Ingram,1610612759,SAS,22.0,6-5,77,230,North Carolina,USA,2024,2,48,3,2,5,1,43.2,0.083,0.182,0.077,0.333,0.063
1629312,Haywood Highsmith,1610612748,MIA,28.0,6-5,77,220,Wheeling Jesuit,USA,2018,,,65,409,207,96,0.6,0.035,0.095,0.108,0.59,0.083
1630529,Herbert Jones,1610612740,NOP,26.0,6-7,79,206,Alabama,USA,2021,2,35,20,205,78,65,-0.7,0.033,0.085,0.146,0.541,0.134
1641816,Hunter Tyson,1610612743,DEN,24.0,6-8,80,215,Clemson,USA,2023,2,37,47,114,72,19,-8.4,0.055,0.131,0.138,0.518,0.076
1630193,Immanuel Quickley,1610612761,TOR,25.0,6-2,74,190,Kentucky,USA,2020,1,25,30,525,106,173,-1.4,0.015,0.106,0.247,0.574,0.314
1642403,Isaac Jones,1610612758,SAC,24.0,6-9,81,245,Washington State,USA,Undrafted,Undrafted,Undrafted,34,121,49,11,-10.9,0.068,0.126,0.156,0.689,0.06
1630171,Isaac Okoro,1610612739,CLE,24.0,6-5,77,225,Auburn,USA,2020,1,5,48,272,106,62,12.7,0.046,0.068,0.122,0.572,0.082
1642268,Isaiah Collier,1610612762,UTA,20.0,6-3,75,210,Southern California,USA,2024,1,29,67,544,220,412,-10.0,0.016,0.105,0.183,0.485,0.339
1642384,Isaiah Crawford,1610612758,SAC,23.0,6-6,78,220,Louisiana Tech,USA,Undrafted,Undrafted,Undrafted,14,13,8,1,20.3,0.024,0.152,0.119,0.553,0.032
1628392,Isaiah Hartenstein,1610612760,OKC,26.0,7-0,84,250,None,Germany,2017,2,43,51,582,563,201,13.6,0.104,0.265,0.168,0.594,0.18
1630543,Isaiah Jackson,1610612754,IND,23.0,6-9,81,205,Kentucky,USA,2021,1,22,5,35,28,5,5.4,0.126,0.168,0.164,0.6,0.079
1630198,Isaiah Joe,1610612760,OKC,25.0,6-3,75,165,Arkansas,USA,2020,2,49,66,638,172,101,16.2,0.025,0.089,0.166,0.599,0.094
1630191,Isaiah Stewart,1610612765,DET,23.0,6-8,80,250,Washington,USA,2020,1,16,68,411,376,113,0.9,0.087,0.17,0.12,0.62,0.118
1631209,Isaiah Wong,1610612766,CHA,24.0,6-3,75,185,Miami,USA,2023,2,55,20,120,32,28,-2.6,0.051,0.071,0.22,0.5,0.187
1627826,Ivica Zubac,1610612746,LAC,28.0,7-0,84,240,None,Croatia,2016,2,32,71,1169,885,179,8.2,0.12,0.268,0.193,0.633,0.116
1631120,JD Davison,1610612738,BOS,22.0,6-1,73,195,Alabama,USA,2022,2,53,12,20,7,5,-31.6,0.018,0.125,0.194,0.585,0.227
1630550,JT Thor,1610612764,WAS,22.0,6-9,81,203,Auburn,USA,2021,2,37,14,50,21,5,-20.7,0.073,0.069,0.163,0.579,0.074
1629630,Ja Morant,1610612763,MEM,25.0,6-2,74,174,Murray State,USA,2019,1,2,43,960,175,320,7.9,0.018,0.105,0.307,0.56,0.362
1642266,Ja'Kobe Walter,1610612761,TOR,20.0,6-5,77,180,Baylor,USA,2024,1,19,47,376,133,67,-3.1,0.047,0.087,0.179,0.501,0.101
1631095,Jabari Smith Jr.,1610612745,HOU,21.0,6-10,82,220,Auburn,USA,2022,1,3,52,633,341,53,5.7,0.052,0.15,0.159,0.56,0.047
1631133,Jabari Walker,1610612757,POR,22.0,6-7,79,237,Colorado,USA,2022,2,57,52,241,178,31,-0.3,0.078,0.204,0.152,0.591,0.075
1629098,Jack McVeigh,1610612745,HOU,28.0,6-8,80,215,Nebraska-Lincoln,Australia,Undrafted,Undrafted,Undrafted,7,14,4,1,10.1,0.028,0.071,0.179,0.538,0.059
1642050,Jackson Rowe,1610612744,GSW,28.0,6-7,79,210,California State-Fullerton,Canada,Undrafted,Undrafted,Undrafted,5,16,8,3,8.0,0.0,0.195,0.153,0.477,0.097
1631210,Jacob Toppin,1610612737,ATL,24.0,6-8,80,200,Kentucky,USA,Undrafted,Undrafted,Undrafted,16,6,11,4,-17.5,0.043,0.164,0.103,0.3,0.148
1630702,Jaden Hardy,1610612742,DAL,22.0,6-3,75,198,None,USA,2022,2,37,51,432,79,68,-0.1,0.01,0.086,0.242,0.554,0.132
1631093,Jaden Ivey,1610612765,DET,23.0,6-4,76,195,Purdue,USA,2022,1,5,30,528,124,119,-4.1,0.043,0.091,0.256,0.569,0.207
1630183,Jaden McDaniels,1610612750,MIN,24.0,6-9,81,185,Washington,USA,2020,1,28,74,934,433,151,4.0,0.049,0.129,0.161,0.575,0.093
1630531,Jaden Springer,1610612762,UTA,22.0,6-4,76,202,Tennessee,USA,2021,1,28,36,72,35,23,-1.4,0.03,0.112,0.142,0.54,0.158
203109,Jae Crowder,1610612758,SAC,34.0,6-6,78,235,Marquette,USA,2012,2,34,7,20,17,4,-6.2,0.061,0.118,0.104,0.509,0.057
1630256,Jae'Sean Tate,1610612745,HOU,29.0,6-4,76,230,Ohio State,USA,Undrafted,Undrafted,Undrafted,47,167,109,40,4.2,0.074,0.11,0.127,0.539,0.104
1626143,Jahlil Okafor,1610612754,IND,29.0,6-10,82,270,Duke,USA,2015,1,3,1,0,1,1,62.5,0.0,0.25,0.0,0.0,0.25
1642443,Jahmir Young,1610612741,CHI,24.0,6-1,73,185,Maryland,USA,Undrafted,Undrafted,Undrafted,1,0,1,1,-60.0,0.0,0.5,0.0,0.0,0.5
1631170,Jaime Jaquez Jr.,1610612748,MIA,24.0,6-6,78,225,UCLA,USA,2023,1,18,60,499,262,148,-7.4,0.057,0.142,0.191,0.526,0.175
1631222,Jake LaRavia,1610612758,SAC,23.0,6-7,79,235,Wake Forest,USA,2022,1,19,66,458,259,158,3.8,0.063,0.12,0.14,0.591,0.15
1627751,Jakob Poeltl,1610612761,TOR,29.0,7-0,84,260,Utah,Austria,2016,1,9,55,802,531,154,-0.3,0.109,0.208,0.184,0.644,0.137
1641779,Jalen Bridges,1610612756,PHX,23.0,6-8,80,225,Baylor,USA,Undrafted,Undrafted,Undrafted,5,4,3,0,0.0,0.0,0.115,0.17,0.41,0.0
1628973,Jalen Brunson,1610612752,NYK,28.0,6-2,74,190,Villanova,USA,2018,2,33,61,1606,181,452,3.0,0.012,0.074,0.29,0.606,0.323
1631105,Jalen Duren,1610612765,DET,21.0,6-10,82,250,Memphis,USA,2022,1,13,71,832,726,182,2.4,0.137,0.259,0.16,0.709,0.135
1630224,Jalen Green,1610612745,HOU,23.0,6-4,76,186,None,USA,2021,1,2,74,1590,349,255,2.8,0.016,0.12,0.267,0.545,0.158
1641720,Jalen Hood-Schifino,1610612755,PHI,21.0,6-5,77,210,Indiana,USA,2023,1,17,8,58,12,15,-16.1,0.012,0.072,0.172,0.507,0.139
1630552,Jalen Johnson,1610612737,ATL,23.0,6-8,80,219,Duke,USA,2021,1,20,36,680,359,181,1.6,0.046,0.216,0.214,0.569,0.203
1629667,Jalen McDaniels,1610612764,WAS,27.0,6-9,81,190,San Diego State,USA,2019,2,52,4,0,0,1,3.5,0.0,0.0,0.0,0.0,0.25
1629618,Jalen Pickett,1610612743,DEN,25.0,6-2,74,202,Penn State,USA,2023,2,32,42,144,50,80,4.0,0.018,0.077,0.128,0.534,0.211
1630188,Jalen Smith,1610612741,CHI,25.0,6-9,81,215,Maryland,USA,2020,1,10,59,483,328,60,-1.6,0.084,0.241,0.199,0.593,0.101
1630591,Jalen Suggs,1610612753,ORL,23.0,6-5,77,205,Gonzaga,USA,2021,1,5,35,567,141,129,1.0,0.023,0.126,0.268,0.536,0.216
1631114,Jalen Williams,1610612760,OKC,23.0,6-5,77,211,Santa Clara,USA,2022,1,12,62,1318,338,327,10.3,0.025,0.134,0.268,0.569,0.24
1630592,Jalen Wilson,1610612751,BKN,24.0,6-6,78,220,Kansas,USA,2023,2,51,73,656,238,125,-7.6,0.035,0.097,0.159,0.526,0.103
1631288,Jamal Cain,1610612740,NOP,26.0,6-6,78,191,Oakland,USA,Undrafted,Undrafted,Undrafted,29,93,56,16,-11.1,0.056,0.113,0.133,0.509,0.069
1627750,Jamal Murray,1610612743,DEN,28.0,6-4,76,215,Kentucky,Canada,2016,1,7,65,1405,249,393,6.1,0.019,0.082,0.234,0.587,0.222
1642347,Jamal Shead,1610612761,TOR,22.0,6-1,73,200,Houston,USA,2024,2,45,68,460,101,264,-8.5,0.018,0.058,0.175,0.513,0.3
1631123,Jamaree Bouyea,1610612749,MIL,25.0,6-2,74,180,San Francisco,USA,Undrafted,Undrafted,Undrafted,1,2,0,1,-17.4,0.0,0.0,0.143,1.0,0.333
201935,James Harden,1610612746,LAC,35.0,6-5,77,220,Arizona State,USA,2009,1,3,70,1577,404,603,5.6,0.02,0.143,0.288,0.576,0.366
201949,James Johnson,1610612754,IND,38.0,6-7,79,240,Wake Forest,USA,2009,1,16,12,8,6,4,-13.1,0.0,0.176,0.165,0.35,0.16
1630164,James Wiseman,1610612754,IND,23.0,6-11,83,240,Memphis,USA,2020,1,2,1,6,1,0,-23.5,0.0,0.25,0.455,0.615,0.0
1642419,Jamison Battle,1610612761,TOR,23.0,6-7,79,220,Ohio State,USA,Undrafted,Undrafted,Undrafted,51,322,122,41,-7.9,0.034,0.11,0.146,0.579,0.074
1641716,Jarace Walker,1610612754,IND,21.0,6-7,79,235,Houston,USA,2023,1,8,66,369,186,90,-5.2,0.023,0.173,0.164,0.574,0.125
1630215,Jared Butler,1610612755,PHI,24.0,6-3,75,193,Baylor,USA,2021,2,40,51,407,89,165,-6.0,0.024,0.081,0.219,0.545,0.311
1642272,Jared McCain,1610612755,PHI,21.0,6-3,75,195,Duke,USA,2024,1,16,23,352,56,60,-2.1,0.022,0.076,0.243,0.589,0.171
1631197,Jared Rhoden,1610612761,TOR,25.0,6-5,77,210,Seton Hall,USA,Undrafted,Undrafted,Undrafted,10,71,30,8,11.3,0.056,0.102,0.181,0.523,0.075
1628991,Jaren Jackson Jr.,1610612763,MEM,25.0,6-10,82,242,Michigan State,USA,2018,1,4,66,1480,369,138,6.8,0.039,0.135,0.279,0.595,0.109
1629020,Jarred Vanderbilt,1610612747,LAL,25.0,6-8,80,214,Kentucky,USA,2018,2,41,28,114,139,37,4.8,0.098,0.19,0.108,0.557,0.106
1628386,Jarrett Allen,1610612739,CLE,26.0,6-9,81,243,Texas,USA,2017,1,22,74,1010,737,141,10.6,0.093,0.24,0.155,0.722,0.088
1629750,Javonte Green,1610612739,CLE,31.0,6-5,77,205,Radford,USA,Undrafted,Undrafted,Undrafted,61,330,206,52,-8.6,0.044,0.121,0.11,0.564,0.059
1629637,Jaxson Hayes,1610612747,LAL,24.0,7-0,84,220,Texas,USA,2019,1,8,48,346,229,55,2.9,0.073,0.159,0.121,0.735,0.082
1630643,Jay Huff,1610612763,MEM,27.0,7-1,85,240,Virginia,USA,Undrafted,Undrafted,Undrafted,58,414,123,36,1.0,0.038,0.123,0.194,0.67,0.078
1627759,Jaylen Brown,1610612738,BOS,28.0,6-6,78,223,California,USA,2016,1,3,58,1308,345,269,9.3,0.038,0.123,0.283,0.55,0.205
1641740,Jaylen Clark,1610612750,MIN,23.0,6-4,76,205,UCLA,USA,2023,2,53,32,148,43,21,3.8,0.045,0.048,0.115,0.614,0.064
1641798,Jaylen Martin,1610612764,WAS,21.0,6-6,78,216,None,USA,Undrafted,Undrafted,Undrafted,12,46,28,9,-30.6,0.042,0.156,0.156,0.508,0.113
1629669,Jaylen Nowell,1610612740,NOP,25.0,6-4,76,201,Washington,USA,2019,2,43,8,67,20,18,-13.1,0.032,0.086,0.215,0.43,0.176
1642377,Jaylen Wells,1610612763,MEM,21.0,6-8,80,,Washington State,USA,2024,2,39,73,774,242,123,4.2,0.039,0.082,0.158,0.561,0.081
1631119,Jaylin Williams,1610612760,OKC,22.0,6-9,81,240,Arkansas,USA,2022,2,34,43,251,243,106,16.9,0.059,0.253,0.139,0.583,0.186
1642281,Jaylon Tyson,1610612739,CLE,22.0,6-6,78,215,California,USA,2024,1,20,42,124,80,38,-0.4,0.081,0.121,0.146,0.54,0.136
1628369,Jayson Tatum,1610612738,BOS,27.0,6-8,80,210,Duke,USA,2017,1,3,66,1791,573,393,9.9,0.017,0.209,0.303,0.587,0.265
1641789,Jazian Gortman,1610612742,DAL,22.0,6-2,74,184,None,USA,Undrafted,Undrafted,Undrafted,16,24,5,6,4.6,0.016,0.065,0.195,0.485,0.154
1630288,Jeff Dowtin Jr.,1610612755,PHI,27.0,6-3,75,177,Rhode Island,USA,Undrafted,Undrafted,Undrafted,39,253,60,72,-10.9,0.02,0.087,0.174,0.572,0.203
201145,Jeff Green,1610612745,HOU,38.0,6-8,80,235,Georgetown,USA,2007,1,5,27,133,46,13,-3.4,0.023,0.099,0.136,0.641,0.054
203924,Jerami Grant,1610612757,POR,31.0,6-7,79,210,Syracuse,USA,2014,2,39,47,677,163,101,-6.1,0.015,0.088,0.192,0.523,0.099
1630526,Jeremiah Robinson-Earl,1610612740,NOP,24.0,6-8,80,240,Villanova,USA,2021,2,32,58,347,257,72,-10.8,0.08,0.162,0.134,0.577,0.097
1631110,Jeremy Sochan,1610612759,SAS,21.0,6-8,80,230,Baylor,Poland,2022,1,9,52,597,342,124,-2.2,0.088,0.155,0.183,0.594,0.139
1630579,Jericho Sims,1610612749,MIL,26.0,6-10,82,250,Texas,USA,2021,2,58,53,98,197,33,2.4,0.114,0.196,0.074,0.639,0.068
1642399,Jesse Edwards,1610612750,MIN,25.0,7-0,84,236,West Virginia,Netherlands,Undrafted,Undrafted,Undrafted,2,0,0,1,-77.3,0.0,0.0,0.0,0.0,0.25
1641724,Jett Howard,1610612753,ORL,21.0,6-6,78,215,Michigan,USA,2023,1,11,56,231,65,41,-6.3,0.028,0.075,0.176,0.476,0.107
1628975,Jevon Carter,1610612741,CHI,29.0,6-1,73,200,West Virginia,USA,2018,2,32,31,113,29,31,1.9,0.008,0.1,0.191,0.552,0.178
202710,Jimmy Butler III,1610612744,GSW,35.0,6-7,79,230,Marquette,USA,2011,1,30,46,789,263,250,5.6,0.075,0.107,0.207,0.604,0.265
1629111,Jock Landale,1610612745,HOU,29.0,6-11,83,255,St. Mary's,Australia,Undrafted,Undrafted,Undrafted,37,153,114,28,-4.7,0.103,0.152,0.151,0.553,0.104
204060,Joe Ingles,1610612750,MIN,37.0,6-8,80,220,None,Australia,Undrafted,Undrafted,Undrafted,19,15,11,23,-4.2,0.017,0.08,0.113,0.326,0.261
203954,Joel Embiid,1610612755,PHI,31.0,7-0,84,280,Kansas,Cameroon,2014,1,3,19,452,155,85,-5.5,0.062,0.207,0.342,0.58,0.286
1628381,John Collins,1610612762,UTA,27.0,6-9,81,226,Wake Forest,USA,2017,1,19,40,758,327,80,-0.9,0.073,0.179,0.234,0.628,0.105
1629723,John Konchar,1610612763,MEM,29.0,6-5,77,210,Indiana-Purdue Fort Wayne,USA,Undrafted,Undrafted,Undrafted,41,102,137,38,3.6,0.058,0.183,0.079,0.57,0.094
1631098,Johnny Davis,1610612764,WAS,23.0,6-4,76,195,Wisconsin,USA,2022,1,10,34,80,38,11,-2.5,0.036,0.104,0.15,0.473,0.064
1642277,Johnny Furphy,1610612754,IND,20.0,6-9,81,200,Kansas,Australia,2024,2,35,43,69,50,10,-3.5,0.068,0.115,0.109,0.508,0.045
1630548,Johnny Juzang,1610612762,UTA,24.0,6-5,77,226,UCLA,USA,Undrafted,Undrafted,Undrafted,57,477,162,59,-10.6,0.033,0.115,0.171,0.581,0.083
202685,Jonas Valančiūnas,1610612758,SAC,32.0,6-11,83,265,None,Lithuania,2011,1,5,72,774,578,154,-11.1,0.121,0.284,0.223,0.595,0.173
1628371,Jonathan Isaac,1610612753,ORL,27.0,6-10,82,230,Florida State,USA,2017,1,6,64,341,284,31,-2.3,0.098,0.194,0.156,0.505,0.049
1630228,Jonathan Kuminga,1610612744,GSW,22.0,6-7,79,225,None,DRC,2021,1,7,40,650,188,92,-0.7,0.044,0.131,0.273,0.537,0.151
1642367,Jonathan Mogbo,1610612761,TOR,23.0,6-9,81,225,San Francisco,USA,2024,2,31,55,303,246,99,-8.7,0.084,0.143,0.139,0.5,0.138
203903,Jordan Clarkson,1610612762,UTA,32.0,6-3,75,194,Missouri,USA,2014,2,46,37,600,118,138,-10.0,0.025,0.092,0.269,0.54,0.238
1630692,Jordan Goodwin,1610612747,LAL,26.0,6-5,77,215,St. Louis,USA,Undrafted,Undrafted,Undrafted,20,130,77,29,-3.3,0.069,0.119,0.127,0.597,0.1
1641722,Jordan Hawkins,1610612740,NOP,22.0,6-5,77,190,Connecticut,USA,2023,1,14,56,604,158,66,-11.4,0.017,0.097,0.204,0.504,0.076
1629162,Jordan McLaughlin,1610612759,SAS,28.0,6-0,72,185,Southern California,USA,Undrafted,Undrafted,Undrafted,38,73,24,36,8.7,0.02,0.087,0.141,0.586,0.206
1641757,Jordan Miller,1610612746,LAC,25.0,6-5,77,194,Miami,USA,2023,2,48,34,148,58,34,-5.6,0.054,0.086,0.173,0.509,0.127
1629673,Jordan Poole,1610612764,WAS,25.0,6-4,76,194,Michigan,USA,2019,1,28,63,1287,193,285,-13.1,0.013,0.082,0.28,0.586,0.252
1641775,Jordan Walsh,1610612738,BOS,21.0,6-6,78,205,Arkansas,USA,2023,2,38,46,72,57,16,7.5,0.056,0.102,0.103,0.478,0.059
1630631,Jose Alvarado,1610612740,NOP,26.0,6-0,72,179,Georgia Tech,USA,Undrafted,Undrafted,Undrafted,50,479,118,232,-6.4,0.017,0.077,0.177,0.531,0.278
1630528,Josh Christopher,1610612748,MIA,23.0,6-4,76,215,Arizona State,USA,2021,1,24,8,6,3,4,-9.5,0.0,0.094,0.203,0.342,0.19
1630581,Josh Giddey,1610612741,CHI,22.0,6-8,80,216,None,Australia,2021,1,6,64,916,498,446,-1.7,0.056,0.187,0.21,0.574,0.316
1630182,Josh Green,1610612766,CHA,24.0,6-5,77,200,Arizona,Australia,2020,1,18,66,489,169,104,-9.0,0.027,0.06,0.114,0.553,0.079
1628404,Josh Hart,1610612752,NYK,30.0,6-4,76,215,Villanova,USA,2017,1,30,70,968,679,406,4.0,0.059,0.203,0.15,0.618,0.201
1631169,Josh Minott,1610612750,MIN,22.0,6-8,80,205,Memphis,USA,2022,2,45,41,97,42,16,-6.4,0.039,0.114,0.155,0.554,0.091
1629006,Josh Okogie,1610612766,CHA,26.0,6-4,76,213,Georgia Tech,Nigeria,2018,1,20,33,223,97,25,2.0,0.074,0.111,0.173,0.577,0.074
1626196,Josh Richardson,1610612748,MIA,31.0,6-5,77,200,Tennessee,USA,2015,2,40,8,32,12,12,-10.6,0.038,0.048,0.134,0.402,0.117
201950,Jrue Holiday,1610612738,BOS,34.0,6-4,76,205,UCLA,USA,2009,1,17,56,612,234,212,7.2,0.036,0.091,0.157,0.557,0.173
1630577,Julian Champagnie,1610612759,SAS,23.0,6-7,79,217,St. John's,USA,Undrafted,Undrafted,Undrafted,72,692,277,97,-0.3,0.036,0.12,0.163,0.571,0.079
1641763,Julian Phillips,1610612741,CHI,21.0,6-8,80,198,Tennessee,USA,2023,2,35,71,314,148,33,-0.5,0.058,0.079,0.126,0.557,0.044
1631124,Julian Strawther,1610612743,DEN,22.0,6-6,78,205,Gonzaga,USA,2023,1,29,61,572,132,81,-1.3,0.012,0.079,0.172,0.563,0.081
203944,Julius Randle,1610612750,MIN,30.0,6-9,81,250,Kentucky,USA,2014,1,7,61,1139,426,284,3.1,0.067,0.146,0.249,0.59,0.23
1630551,Justin Champagnie,1610612764,WAS,23.0,6-6,78,206,Pittsburgh,USA,Undrafted,Undrafted,Undrafted,53,416,269,50,-9.7,0.073,0.156,0.146,0.603,0.069
1642348,Justin Edwards,1610612755,PHI,21.0,6-7,79,203,Kentucky,USA,Undrafted,Undrafted,Undrafted,39,397,127,59,-10.5,0.039,0.089,0.161,0.57,0.081
1631303,Justin Minaya,1610612757,POR,26.0,6-5,77,205,Providence,USA,Undrafted,Undrafted,Undrafted,11,2,4,2,-45.9,0.071,0.091,0.061,0.25,0.154
203994,Jusuf Nurkić,1610612766,CHA,30.0,7-0,84,290,None,Bosnia and Herzegovina,2014,1,16,43,341,344,93,-7.5,0.077,0.298,0.185,0.548,0.153
1630231,KJ Martin,1610612762,UTA,24.0,6-6,78,215,None,USA,2020,2,52,41,256,120,44,-7.5,0.033,0.104,0.109,0.624,0.071
1642354,KJ Simpson,1610612766,CHA,22.0,6-0,72,189,Colorado,USA,2024,2,42,27,197,73,73,-14.1,0.047,0.075,0.192,0.444,0.202
1630539,Kai Jones,1610612742,DAL,24.0,6-11,83,221,Texas,Bahamas,2021,1,19,34,136,94,16,0.5,0.081,0.185,0.122,0.8,0.068
1626157,Karl-Anthony Towns,1610612752,NYK,29.0,7-0,84,248,Kentucky,USA,2015,1,1,66,1616,848,208,6.8,0.087,0.285,0.264,0.63,0.133
1631255,Karlo Matković,1610612740,NOP,23.0,6-10,82,231,None,Bosnia and Herzegovina,2022,2,52,36,247,174,37,-4.6,0.087,0.169,0.145,0.639,0.079
202695,Kawhi Leonard,1610612746,LAC,33.0,6-7,79,225,San Diego State,USA,2011,1,15,30,615,173,92,9.7,0.035,0.154,0.275,0.585,0.149
1630811,Keaton Wallace,1610612737,ATL,26.0,6-3,75,185,Texas-San Antonio,USA,Undrafted,Undrafted,Undrafted,28,151,38,62,-3.4,0.015,0.064,0.154,0.529,0.19
1631099,Keegan Murray,1610612758,SAC,24.0,6-8,80,225,Iowa,USA,2022,1,4,70,883,474,101,1.7,0.058,0.132,0.148,0.558,0.055
1631232,Keion Brooks Jr.,1610612740,NOP,24.0,6-7,79,210,Washington,USA,Undrafted,Undrafted,Undrafted,6,34,14,5,-28.6,0.011,0.133,0.145,0.615,0.088
1642276,Kel'el Ware,1610612748,MIA,20.0,7-0,84,230,Indiana,USA,2024,1,15,55,495,383,51,-0.3,0.083,0.233,0.17,0.608,0.065
1629640,Keldon Johnson,1610612759,SAS,25.0,6-5,77,220,Kentucky,USA,2019,1,29,69,865,323,108,-5.1,0.056,0.132,0.204,0.572,0.1
203482,Kelly Olynyk,1610612740,NOP,33.0,6-11,83,240,Gonzaga,Canada,2013,1,13,40,339,192,118,-0.5,0.069,0.161,0.182,0.612,0.203
1626162,Kelly Oubre Jr.,1610612755,PHI,29.0,6-8,80,203,Kansas,USA,2015,1,15,60,906,368,108,-5.7,0.046,0.14,0.186,0.551,0.079
1629026,Kenrich Williams,1610612760,OKC,30.0,6-6,78,210,TCU,USA,Undrafted,Undrafted,Undrafted,60,353,198,78,16.1,0.058,0.147,0.145,0.605,0.107
203484,Kentavious Caldwell-Pope,1610612753,ORL,32.0,6-5,77,204,Georgia,USA,2013,1,8,70,601,154,123,-0.2,0.014,0.063,0.12,0.555,0.083
1631165,Keon Ellis,1610612758,SAC,25.0,6-4,76,175,Alabama,USA,Undrafted,Undrafted,Undrafted,71,605,185,106,3.2,0.031,0.079,0.131,0.663,0.083
1630553,Keon Johnson,1610612751,BKN,23.0,6-5,77,185,Tennessee,USA,2021,1,21,72,735,265,148,-10.7,0.032,0.122,0.21,0.483,0.138
1642352,Keshad Johnson,1610612748,MIA,23.0,6-7,79,225,Arizona,USA,Undrafted,Undrafted,Undrafted,10,16,17,3,-0.9,0.044,0.211,0.138,0.546,0.079
1630556,Kessler Edwards,1610612742,DAL,24.0,6-7,79,203,Pepperdine,USA,2021,2,44,40,168,115,42,-12.3,0.037,0.154,0.11,0.597,0.09
201142,Kevin Durant,1610612756,PHX,36.0,6-11,83,240,Texas,USA,2007,1,2,61,1636,367,262,-0.3,0.011,0.146,0.284,0.643,0.189
1628989,Kevin Huerter,1610612741,CHI,26.0,6-7,79,198,Maryland,USA,2018,1,19,62,588,187,130,2.1,0.019,0.102,0.173,0.533,0.119
1628995,Kevin Knox II,1610612744,GSW,25.0,6-8,80,215,Kentucky,USA,2018,1,9,9,28,12,4,-7.9,0.085,0.118,0.193,0.543,0.118
201567,Kevin Love,1610612748,MIA,36.0,6-8,80,251,UCLA,USA,2008,1,5,23,122,94,22,-3.6,0.08,0.282,0.23,0.488,0.134
1641755,Kevin McCullar Jr.,1610612752,NYK,24.0,6-6,78,210,Kansas,USA,2024,2,56,1,2,0,0,-112.5,0.0,0.0,0.25,0.5,0.0
1629645,Kevin Porter Jr.,1610612749,MIL,24.0,6-4,76,203,Southern California,USA,2019,1,30,67,625,235,215,-0.9,0.027,0.149,0.25,0.506,0.271
1626172,Kevon Looney,1610612744,GSW,29.0,6-9,81,222,UCLA,USA,2015,1,30,67,308,418,106,3.8,0.144,0.227,0.13,0.526,0.148
1641718,Keyonte George,1610612762,UTA,21.0,6-4,76,185,Baylor,USA,2023,1,16,60,997,224,346,-11.8,0.012,0.103,0.236,0.541,0.282
203114,Khris Middleton,1610612764,WAS,33.0,6-7,79,222,Texas A&M,USA,2012,2,39,37,440,137,150,1.5,0.015,0.132,0.208,0.588,0.251
1630165,Killian Hayes,1610612751,BKN,23.0,6-5,77,195,None,France,2020,1,7,6,54,18,31,-5.7,0.028,0.087,0.145,0.559,0.274
202691,Klay Thompson,1610612742,DAL,35.0,6-5,77,220,Washington State,USA,2011,1,11,65,926,234,135,-1.0,0.023,0.101,0.216,0.552,0.106
1641738,Kobe Brown,1610612746,LAC,25.0,6-7,79,250,Missouri,USA,2023,1,30,35,69,56,20,-9.1,0.075,0.169,0.134,0.514,0.134
1641723,Kobe Bufkin,1610612737,ATL,21.0,6-4,76,195,Michigan,USA,2023,1,15,10,53,21,17,-8.0,0.035,0.123,0.203,0.483,0.213
1627739,Kris Dunn,1610612746,LAC,31.0,6-3,75,205,Providence,USA,2016,1,5,65,402,224,193,6.5,0.033,0.112,0.127,0.514,0.165
1631200,Kris Murray,1610612757,POR,24.0,6-8,80,216,Iowa,USA,2023,1,23,61,238,149,52,-2.7,0.068,0.093,0.13,0.481,0.083
204001,Kristaps Porziņģis,1610612738,BOS,29.0,7-2,86,240,None,Latvia,2015,1,4,37,728,258,75,4.9,0.054,0.168,0.251,0.622,0.11
203937,Kyle Anderson,1610612748,MIA,31.0,6-9,81,230,UCLA,USA,2014,1,30,52,275,161,117,-4.8,0.049,0.147,0.149,0.541,0.225
1642271,Kyle Filipowski,1610612762,UTA,21.0,6-11,83,250,Duke,USA,2024,2,32,65,592,364,124,-9.9,0.065,0.208,0.178,0.62,0.143
1628398,Kyle Kuzma,1610612749,MIL,29.0,6-9,81,221,Utah,USA,2017,1,27,56,826,340,133,-11.5,0.025,0.164,0.234,0.498,0.126
200768,Kyle Lowry,1610612755,PHI,39.0,6-0,72,196,Villanova,USA,2006,1,24,33,133,65,93,-5.0,0.017,0.088,0.101,0.53,0.213
1630283,Kylor Kelley,1610612742,DAL,27.0,7-0,84,230,Oregon State,USA,Undrafted,Undrafted,Undrafted,8,24,21,2,-24.8,0.1,0.186,0.098,0.767,0.045
202681,Kyrie Irving,1610612742,DAL,33.0,6-2,74,195,Duke,Australia,2011,1,1,50,1234,240,231,2.6,0.033,0.093,0.264,0.594,0.198
1642273,Kyshawn George,1610612764,WAS,21.0,6-8,80,200,Miami,Switzerland,2024,1,24,64,552,273,161,-10.4,0.027,0.122,0.155,0.5,0.133
1630163,LaMelo Ball,1610612766,CHA,23.0,6-7,79,180,None,USA,2020,1,3,47,1184,232,346,-3.9,0.028,0.121,0.342,0.536,0.39
1630205,Lamar Stevens,1610612763,MEM,27.0,6-7,79,230,Penn State,USA,Undrafted,Undrafted,Undrafted,10,40,29,5,28.9,0.033,0.21,0.187,0.527,0.058
1629013,Landry Shamet,1610612752,NYK,28.0,6-4,76,190,Wichita State,USA,2018,1,26,41,177,41,22,2.4,0.012,0.061,0.131,0.558,0.053
1626204,Larry Nance Jr.,1610612737,ATL,32.0,6-8,80,245,Wyoming,USA,2015,1,27,24,203,103,38,-9.0,0.046,0.174,0.155,0.632,0.125
1628374,Lauri Markkanen,1610612762,UTA,27.0,7-0,84,240,Arizona,Finland,2017,1,7,47,892,278,70,-6.1,0.046,0.134,0.231,0.571,0.074
2544,LeBron James,1610612747,LAL,40.0,6-9,81,250,None,USA,2003,1,1,62,1521,506,525,-2.0,0.032,0.195,0.295,0.601,0.41
1631159,Leonard Miller,1610612750,MIN,21.0,6-10,82,220,None,Canada,2023,2,33,10,18,11,0,-22.5,0.077,0.258,0.256,0.514,0.0
1631311,Lester Quinones,1610612740,NOP,24.0,6-4,76,208,Memphis,USA,Undrafted,Undrafted,Undrafted,5,14,4,1,-1.5,0.12,0.038,0.235,0.612,0.053
1641857,Liam Robbins,1610612749,MIL,25.0,7-0,84,250,Vanderbilt,USA,Undrafted,Undrafted,Undrafted,13,9,12,2,-5.3,0.111,0.085,0.128,0.363,0.056
1630322,Lindy Waters III,1610612765,DET,27.0,6-6,78,210,Oklahoma State,USA,Undrafted,Undrafted,Undrafted,48,232,99,47,1.7,0.022,0.115,0.146,0.507,0.092
1629022,Lonnie Walker IV,1610612755,PHI,26.0,6-4,76,204,Miami,USA,2018,1,18,11,85,33,20,-20.6,0.018,0.148,0.195,0.487,0.152
1628366,Lonzo Ball,1610612741,CHI,27.0,6-6,78,190,UCLA,USA,2017,1,2,35,267,118,115,5.5,0.029,0.106,0.152,0.524,0.187
1629652,Luguentz Dort,1610612760,OKC,25.0,6-4,76,220,Arizona State,Canada,Undrafted,Undrafted,Undrafted,65,644,269,108,13.1,0.044,0.09,0.133,0.577,0.069
1629029,Luka Dončić,1610612747,LAL,26.0,6-6,78,230,None,Slovenia,2018,1,3,42,1168,355,328,7.8,0.024,0.203,0.332,0.577,0.35
1630568,Luka Garza,1610612750,MIN,26.0,6-10,82,243,Iowa,USA,2021,2,52,35,131,52,10,-0.2,0.14,0.099,0.239,0.562,0.076
1628379,Luke Kennard,1610612763,MEM,28.0,6-5,77,206,Duke,USA,2017,1,12,58,553,164,200,4.1,0.025,0.093,0.147,0.639,0.185
1628436,Luke Kornet,1610612738,BOS,29.0,7-1,85,250,Vanderbilt,USA,Undrafted,Undrafted,Undrafted,65,352,330,102,13.8,0.126,0.145,0.102,0.691,0.115
1631247,Luke Travers,1610612739,CLE,23.0,6-7,79,207,None,Australia,2022,2,56,9,8,12,5,-1.5,0.1,0.099,0.134,0.337,0.111
1630644,Mac McClung,1610612753,ORL,26.0,6-2,74,185,Texas Tech,USA,Undrafted,Undrafted,Undrafted,2,0,1,3,-9.5,0.0,0.1,0.087,0.0,0.333
1630201,Malachi Flynn,1610612766,CHA,26.0,6-1,73,185,San Diego State,USA,2020,1,29,4,16,7,7,3.7,0.077,0.08,0.196,0.512,0.233
1631103,Malaki Branham,1610612759,SAS,21.0,6-4,76,180,Ohio State,USA,2022,1,20,40,157,40,28,-7.7,0.012,0.099,0.216,0.569,0.135
1627763,Malcolm Brogdon,1610612764,WAS,32.0,6-4,76,229,Virginia,USA,2016,2,36,24,305,91,98,-10.4,0.036,0.119,0.231,0.544,0.267
1642502,Malevy Leons,1610612760,OKC,25.0,6-9,81,210,Bradley,Netherlands,Undrafted,Undrafted,Undrafted,6,2,3,1,-43.3,0.04,0.095,0.102,0.266,0.111
1627736,Malik Beasley,1610612765,DET,28.0,6-4,76,187,Florida State,USA,2016,1,19,74,1198,201,131,3.8,0.021,0.073,0.214,0.597,0.094
1628370,Malik Monk,1610612758,SAC,27.0,6-3,75,200,Kentucky,USA,2017,1,11,59,1063,225,343,2.6,0.015,0.102,0.235,0.558,0.25
1630699,MarJon Beauchamp,1610612752,NYK,24.0,6-7,79,199,None,USA,2022,1,24,33,71,39,10,4.2,0.061,0.184,0.221,0.514,0.115
1630542,Marcus Bagley,1610612755,PHI,23.0,6-6,78,217,Arizona State,USA,Undrafted,Undrafted,Undrafted,2,6,6,1,-37.8,0.0,0.194,0.082,0.436,0.038
1630585,Marcus Garrett,1610612766,CHA,26.0,6-5,77,205,Kansas,USA,Undrafted,Undrafted,Undrafted,4,28,6,13,-23.6,0.013,0.057,0.193,0.487,0.255
1631204,Marcus Sasser,1610612765,DET,24.0,6-2,74,195,Houston,USA,2023,1,25,52,329,61,114,3.6,0.021,0.059,0.182,0.601,0.233
203935,Marcus Smart,1610612764,WAS,31.0,6-3,75,220,Oklahoma State,USA,2014,1,6,31,286,67,105,2.5,0.026,0.067,0.2,0.529,0.232
1631109,Mark Williams,1610612766,CHA,23.0,7-0,84,240,Duke,USA,2022,1,15,39,597,394,101,-11.3,0.106,0.255,0.209,0.649,0.163
1628365,Markelle Fultz,1610612758,SAC,26.0,6-4,76,209,Washington,USA,2017,1,1,16,47,12,16,7.5,0.025,0.067,0.199,0.485,0.17
202693,Markieff Morris,1610612747,LAL,35.0,6-9,81,245,Kansas,USA,2011,1,13,14,45,19,15,-3.1,0.021,0.119,0.212,0.359,0.161
1628963,Marvin Bagley III,1610612763,MEM,26.0,6-10,82,235,Duke,USA,2018,1,2,26,107,67,7,-1.2,0.131,0.145,0.197,0.558,0.051
1630222,Mason Jones,1610612758,SAC,26.0,6-4,76,200,Arkansas,USA,Undrafted,Undrafted,Undrafted,10,23,9,11,2.2,0.045,0.149,0.193,0.569,0.379
203486,Mason Plumlee,1610612756,PHX,35.0,6-10,82,254,Duke,USA,2013,1,22,69,305,430,123,0.4,0.095,0.254,0.104,0.634,0.132
1641824,Matas Buzelis,1610612741,CHI,20.0,6-10,82,209,None,USA,2024,1,11,71,552,225,60,-3.3,0.036,0.128,0.18,0.551,0.066
1629680,Matisse Thybulle,1610612757,POR,28.0,6-5,77,201,Washington,USA,2019,1,20,7,48,23,10,4.7,0.04,0.171,0.144,0.653,0.137
1630346,Matt Ryan,1610612752,NYK,27.0,6-6,78,215,Tennessee-Chattanooga,USA,Undrafted,Undrafted,Undrafted,19,28,8,3,-28.3,0.0,0.113,0.208,0.439,0.083
1631108,Max Christie,1610612742,DAL,22.0,6-5,77,190,Michigan State,USA,2022,2,35,70,666,229,135,-1.6,0.019,0.1,0.146,0.576,0.094
1629622,Max Strus,1610612739,CLE,29.0,6-5,77,215,DePaul,USA,Undrafted,Undrafted,Undrafted,44,418,187,133,8.6,0.038,0.118,0.143,0.607,0.151
1628467,Maxi Kleber,1610612747,LAL,33.0,6-10,82,240,None,Germany,Undrafted,Undrafted,Undrafted,34,103,95,43,-0.4,0.04,0.105,0.085,0.489,0.087
1641721,Maxwell Lewis,1610612751,BKN,22.0,6-7,79,215,Pepperdine,USA,2023,2,40,21,67,29,11,-3.3,0.05,0.097,0.143,0.562,0.09
1630695,Micah Potter,1610612762,UTA,26.0,6-9,81,248,Wisconsin,USA,Undrafted,Undrafted,Undrafted,33,139,137,26,-5.4,0.061,0.151,0.104,0.584,0.059
1629008,Michael Porter Jr.,1610612743,DEN,26.0,6-10,82,218,Missouri,USA,2018,1,14,72,1313,501,157,4.8,0.055,0.145,0.198,0.616,0.085
1628969,Mikal Bridges,1610612752,NYK,28.0,6-6,78,209,Villanova,USA,2018,1,10,73,1304,236,264,5.5,0.024,0.063,0.192,0.582,0.134
201144,Mike Conley,1610612750,MIN,37.0,6-0,72,175,Ohio State,USA,2007,1,4,63,527,162,281,5.9,0.018,0.086,0.141,0.585,0.245
1628970,Miles Bridges,1610612766,CHA,27.0,6-7,79,225,Michigan State,USA,2018,1,12,58,1192,449,227,-5.3,0.033,0.192,0.271,0.541,0.2
1630540,Miles McBride,1610612752,NYK,24.0,6-1,73,195,West Virginia,USA,2021,2,36,59,557,149,169,7.1,0.029,0.069,0.16,0.533,0.151
1641936,Miles Norris,1610612738,BOS,24.0,6-7,79,220,California-Santa Barbara,USA,Undrafted,Undrafted,Undrafted,1,0,2,0,-50.0,0.0,0.25,0.0,0.0,0.0
1629011,Mitchell Robinson,1610612752,NYK,26.0,7-0,84,240,Western Kentucky,USA,2018,2,36,12,57,67,7,3.3,0.166,0.172,0.103,0.681,0.049
1628964,Mo Bamba,1610612740,NOP,26.0,7-0,84,231,Texas,USA,2018,1,6,32,138,145,18,-9.0,0.079,0.268,0.15,0.557,0.068
1628420,Monté Morris,1610612756,PHX,29.0,6-2,74,183,Iowa State,USA,2017,2,51,42,208,60,67,4.7,0.021,0.083,0.169,0.527,0.183
1629021,Moritz Wagner,1610612753,ORL,27.0,6-11,83,245,Michigan,Germany,2018,1,25,30,386,148,42,-0.9,0.067,0.201,0.254,0.649,0.135
1629650,Moses Brown,1610612742,DAL,25.0,7-2,86,258,UCLA,USA,Undrafted,Undrafted,Undrafted,13,76,44,2,-4.4,0.098,0.224,0.216,0.706,0.029
1630541,Moses Moody,1610612744,GSW,22.0,6-5,77,211,Arkansas,USA,2021,1,14,65,645,161,85,3.9,0.029,0.083,0.173,0.581,0.087
1631243,Mouhamed Gueye,1610612737,ATL,22.0,6-10,82,210,Washington State,Senegal,2023,2,39,24,139,78,19,4.1,0.053,0.151,0.162,0.5,0.066
1631217,Moussa Diabaté,1610612766,CHA,23.0,6-9,81,210,Michigan,France,2022,2,43,64,342,397,54,-3.4,0.14,0.208,0.124,0.606,0.073
1626167,Myles Turner,1610612754,IND,29.0,6-11,83,250,Texas,USA,2015,1,11,65,1008,429,103,5.0,0.041,0.172,0.205,0.611,0.073
1642368,N'Faly Dante,1610612745,HOU,23.0,6-11,83,230,Oregon,Mali,Undrafted,Undrafted,Undrafted,1,10,9,1,4.4,0.25,0.179,0.163,0.683,0.056
1641772,Nae'Qwan Tomlin,1610612739,CLE,24.0,6-10,82,210,Memphis,USA,Undrafted,Undrafted,Undrafted,3,10,6,0,-12.9,0.067,0.278,0.278,0.536,0.0
1630230,Naji Marshall,1610612742,DAL,27.0,6-6,78,220,Xavier,USA,Undrafted,Undrafted,Undrafted,61,814,296,175,-2.2,0.042,0.13,0.2,0.587,0.155
1631466,Nate Williams,1610612745,HOU,26.0,6-5,77,205,Buffalo,USA,Undrafted,Undrafted,Undrafted,14,39,7,5,-3.6,0.011,0.057,0.218,0.49,0.078
1629675,Naz Reid,1610612750,MIN,25.0,6-9,81,264,Louisiana State,USA,Undrafted,Undrafted,Undrafted,73,1065,446,167,7.2,0.04,0.173,0.21,0.58,0.124
1629674,Neemias Queta,1610612738,BOS,25.0,7-0,84,248,Utah State,Portugal,2021,2,39,56,275,213,35,10.3,0.107,0.169,0.138,0.667,0.066
1629651,Nic Claxton,1610612751,BKN,25.0,6-11,83,215,Georgia,USA,2019,2,31,65,668,494,145,-12.8,0.082,0.202,0.166,0.56,0.137
1630208,Nick Richards,1610612756,PHX,27.0,7-0,84,245,Kentucky,Jamaica,2020,2,42,52,497,432,48,-7.2,0.116,0.244,0.173,0.637,0.062
1641733,Nick Smith Jr.,1610612766,CHA,20.0,6-2,74,185,Arkansas,USA,2023,1,27,54,516,110,118,-13.3,0.009,0.077,0.204,0.493,0.153
1629638,Nickeil Alexander-Walker,1610612750,MIN,26.0,6-5,77,205,Virginia Tech,Canada,2019,1,17,74,683,234,187,5.8,0.023,0.098,0.155,0.577,0.141
201587,Nicolas Batum,1610612746,LAC,36.0,6-8,80,230,None,France,2008,1,25,71,279,200,81,5.4,0.035,0.114,0.086,0.617,0.086
203999,Nikola Jokić,1610612743,DEN,30.0,6-11,83,284,None,Serbia,2014,2,41,64,1872,820,653,10.5,0.084,0.255,0.284,0.659,0.398
1631107,Nikola Jović,1610612748,MIA,21.0,6-10,82,205,None,Serbia,2022,1,27,46,494,180,131,-1.1,0.022,0.127,0.178,0.595,0.174
202696,Nikola Vučević,1610612741,CHI,34.0,6-10,82,260,Southern California,Montenegro,2011,1,16,65,1201,654,220,-3.3,0.071,0.229,0.218,0.613,0.159
1641730,Noah Clowney,1610612751,BKN,20.0,6-9,81,210,Alabama,USA,2023,1,21,45,407,176,39,-13.1,0.037,0.137,0.183,0.516,0.063
1626181,Norman Powell,1610612746,LAC,31.0,6-4,76,215,UCLA,USA,2015,2,46,52,1165,173,113,7.5,0.012,0.09,0.262,0.624,0.105
1628384,OG Anunoby,1610612752,NYK,27.0,6-7,79,240,Indiana,United Kingdom,2017,1,23,67,1170,318,144,5.1,0.037,0.094,0.19,0.585,0.081
1630167,Obi Toppin,1610612754,IND,27.0,6-9,81,220,Dayton,USA,2020,1,8,70,733,277,109,-3.5,0.036,0.163,0.186,0.651,0.112
1630534,Ochai Agbaji,1610612761,TOR,24.0,6-5,77,215,Kansas,USA,2022,1,14,59,590,225,92,-6.2,0.033,0.1,0.141,0.598,0.083
1641765,Olivier-Maxence Prosper,1610612742,DAL,22.0,6-7,79,230,Marquette,Canada,2023,1,24,52,201,126,40,-7.7,0.071,0.137,0.158,0.484,0.101
1630168,Onyeka Okongwu,1610612737,ATL,24.0,6-10,82,240,Southern California,USA,2020,1,6,66,862,576,148,1.0,0.107,0.211,0.169,0.633,0.116
1631115,Orlando Robinson,1610612761,TOR,24.0,6-10,82,235,Fresno State,USA,Undrafted,Undrafted,Undrafted,38,238,186,61,-7.3,0.095,0.17,0.174,0.51,0.153
1631131,Oscar Tshiebwe,1610612762,UTA,25.0,6-8,80,255,Kentucky,DRC,Undrafted,Undrafted,Undrafted,10,56,75,6,-1.9,0.137,0.309,0.118,0.639,0.051
1629052,Oshae Brissett,1610612755,PHI,26.0,6-7,79,210,Syracuse,Canada,Undrafted,Undrafted,Undrafted,6,52,22,4,-10.7,0.047,0.115,0.154,0.576,0.04
1642345,Oso Ighodaro,1610612756,PHX,22.0,7-0,84,235,Marquette,USA,2024,2,40,53,201,186,57,3.5,0.062,0.148,0.101,0.606,0.093
1631172,Ousmane Dieng,1610612760,OKC,21.0,6-9,81,185,None,France,2022,1,11,37,142,81,31,5.1,0.04,0.142,0.152,0.538,0.107
200782,P.J. Tucker,1610612752,NYK,39.0,6-5,77,245,Texas,USA,2006,2,35,1,0,0,0,8.3,0.0,0.0,0.0,0.0,0.0
1629023,P.J. Washington,1610612742,DAL,26.0,6-6,78,230,Kentucky,USA,2019,1,12,51,755,402,117,3.2,0.046,0.183,0.199,0.55,0.097
1628408,PJ Dozier,1610612750,MIN,28.0,6-6,78,205,South Carolina,USA,Undrafted,Undrafted,Undrafted,9,7,5,5,-9.0,0.04,0.125,0.082,0.621,0.167
1641790,PJ Hall,1610612743,DEN,23.0,6-10,82,245,Clemson,USA,Undrafted,Undrafted,Undrafted,19,33,22,4,0.5,0.079,0.219,0.176,0.641,0.118
1642359,Pacome Dadiet,1610612752,NYK,19.0,6-8,80,210,None,France,2024,1,25,16,26,14,5,-9.2,0.0,0.128,0.138,0.443,0.068
1631094,Paolo Banchero,1610612753,ORL,22.0,6-10,82,250,Duke,USA,2022,1,1,40,1036,291,187,-2.0,0.03,0.185,0.324,0.556,0.258
1627783,Pascal Siakam,1610612754,IND,30.0,6-8,80,245,New Mexico State,Cameroon,2016,1,27,72,1485,499,245,5.8,0.052,0.154,0.238,0.607,0.156
1626192,Pat Connaughton,1610612749,MIL,32.0,6-5,77,209,Notre Dame,USA,2015,2,41,35,143,92,57,-3.3,0.034,0.144,0.134,0.536,0.155
1630311,Pat Spencer,1610612744,GSW,28.0,6-3,75,205,Northwestern,USA,Undrafted,Undrafted,Undrafted,34,83,44,38,-3.8,0.061,0.134,0.208,0.425,0.253
1631116,Patrick Baldwin Jr.,1610612746,LAC,22.0,6-9,81,220,Wisconsin-Milwaukee,USA,2022,1,28,22,47,22,2,16.0,0.039,0.167,0.152,0.676,0.028
1630172,Patrick Williams,1610612741,CHI,23.0,6-7,79,215,Florida State,USA,2020,1,4,54,481,210,109,-5.8,0.027,0.114,0.164,0.499,0.106
201988,Patty Mills,1610612746,LAC,36.0,6-2,74,180,St. Mary's,Australia,2009,2,55,27,103,21,25,-1.7,0.009,0.053,0.149,0.536,0.124
202331,Paul George,1610612755,PHI,34.0,6-8,80,220,Fresno State,USA,2010,1,10,41,665,219,178,-3.8,0.018,0.153,0.233,0.543,0.217
1630194,Paul Reed,1610612765,DET,25.0,6-9,81,210,DePaul,USA,2020,2,58,39,159,99,36,8.7,0.099,0.189,0.179,0.607,0.141
1630202,Payton Pritchard,1610612738,BOS,27.0,6-1,73,195,Oregon,USA,2020,1,26,72,1020,271,243,9.9,0.043,0.085,0.183,0.634,0.176
1641796,Pelle Larsson,1610612748,MIA,24.0,6-5,77,215,Arizona,Sweden,2024,2,44,49,188,66,44,-0.8,0.03,0.078,0.137,0.547,0.107
1631250,Pete Nance,1610612749,MIL,25.0,6-10,82,225,North Carolina,USA,Undrafted,Undrafted,Undrafted,9,17,10,3,-9.9,0.024,0.107,0.104,0.45,0.06
1631212,Peyton Watson,1610612743,DEN,22.0,6-7,79,200,UCLA,USA,2022,1,30,62,513,213,92,0.6,0.032,0.102,0.14,0.572,0.079
1630762,Phillip Wheeler,1610612755,PHI,22.0,6-8,80,185,None,USA,Undrafted,Undrafted,Undrafted,1,4,4,2,25.8,0.056,0.176,0.25,0.222,0.167
1630173,Precious Achiuwa,1610612752,NYK,25.0,6-8,80,243,Memphis,Nigeria,2020,1,20,50,312,272,48,-1.3,0.091,0.183,0.132,0.554,0.065
1629656,Quentin Grimes,1610612755,PHI,24.0,6-4,76,210,Houston,USA,2021,1,25,68,945,284,191,-4.9,0.028,0.125,0.21,0.607,0.163
1631245,Quenton Jackson,1610612754,IND,26.0,6-5,77,173,Texas A&M,USA,Undrafted,Undrafted,Undrafted,25,127,37,47,-0.1,0.041,0.079,0.159,0.588,0.2
1642439,Quincy Olivari,1610612747,LAL,23.0,6-3,75,200,Xavier,USA,Undrafted,Undrafted,Undrafted,2,3,0,1,-81.8,0.0,0.0,0.231,0.3,0.2
1642366,Quinten Post,1610612744,GSW,25.0,7-0,84,238,Boston College,Netherlands,2024,2,52,35,305,134,52,1.1,0.056,0.175,0.199,0.617,0.14
1629628,RJ Barrett,1610612761,TOR,24.0,6-6,78,214,Duke,Canada,2019,1,3,54,1150,349,301,-4.2,0.029,0.162,0.278,0.551,0.26
1642484,RayJ Dennis,1610612754,IND,23.0,6-2,74,180,Baylor,USA,Undrafted,Undrafted,Undrafted,8,7,6,5,-5.9,0.08,0.2,0.25,0.322,0.357
1641712,Rayan Rupert,1610612757,POR,20.0,6-6,78,195,None,France,2023,2,43,44,89,46,18,-12.7,0.058,0.082,0.138,0.49,0.087
1641736,Reece Beekman,1610612751,BKN,23.0,6-3,75,190,Virginia,USA,Undrafted,Undrafted,Undrafted,31,66,26,39,-9.6,0.021,0.06,0.126,0.386,0.176
1642263,Reed Sheppard,1610612745,HOU,20.0,6-2,74,185,Kentucky,USA,2024,1,3,45,174,63,54,-0.5,0.026,0.076,0.168,0.428,0.137
202704,Reggie Jackson,1610612755,PHI,34.0,6-2,74,208,Boston College,USA,2011,1,24,31,136,42,45,-3.5,0.02,0.093,0.17,0.496,0.172
1626158,Richaun Holmes,1610612764,WAS,31.0,6-9,81,235,Bowling Green,USA,2015,2,37,29,220,169,42,-4.3,0.113,0.203,0.143,0.69,0.115
1641741,Ricky Council IV,1610612755,PHI,23.0,6-6,78,207,Arkansas,USA,Undrafted,Undrafted,Undrafted,64,452,166,81,-3.9,0.037,0.122,0.195,0.512,0.113
1642434,Riley Minix,1610612759,SAS,24.0,6-7,79,230,Morehead State,USA,Undrafted,Undrafted,Undrafted,1,0,2,0,0.0,0.0,0.2,0.063,0.0,0.0
1642265,Rob Dillingham,1610612750,MIN,20.0,6-3,75,175,Kentucky,USA,2024,1,8,44,217,49,96,0.6,0.023,0.07,0.215,0.508,0.285
1629057,Robert Williams III,1610612757,POR,27.0,6-9,81,249,Texas A&M,USA,2018,1,27,20,116,118,21,-2.0,0.097,0.217,0.12,0.679,0.09
1641842,Ronald Holland II,1610612765,DET,19.0,6-8,80,206,None,USA,2024,1,5,74,489,199,75,-0.9,0.03,0.135,0.177,0.562,0.096
1626220,Royce O'Neale,1610612756,PHX,31.0,6-6,78,226,Baylor,USA,Undrafted,Undrafted,Undrafted,68,636,329,149,-1.9,0.03,0.158,0.149,0.601,0.126
203497,Rudy Gobert,1610612750,MIN,32.0,7-1,85,258,None,France,2013,1,27,64,711,665,116,6.0,0.107,0.204,0.124,0.684,0.078
1629060,Rui Hachimura,1610612747,LAL,27.0,6-8,80,230,Gonzaga,Japan,2019,1,9,53,689,270,76,3.3,0.046,0.111,0.157,0.615,0.064
201566,Russell Westbrook,1610612743,DEN,36.0,6-4,76,200,UCLA,USA,2008,1,4,68,895,337,424,-0.3,0.053,0.117,0.227,0.535,0.291
1642346,Ryan Dunn,1610612756,PHX,22.0,6-8,80,216,Virginia,USA,2024,1,28,66,432,221,50,-5.2,0.055,0.117,0.158,0.521,0.062
1631157,Ryan Rollins,1610612749,MIL,22.0,6-3,75,180,Toledo,USA,2022,2,44,48,263,84,71,7.8,0.032,0.092,0.178,0.581,0.156
1630573,Sam Hauser,1610612738,BOS,27.0,6-7,79,217,Virginia,USA,Undrafted,Undrafted,Undrafted,62,505,191,56,10.5,0.028,0.112,0.135,0.637,0.057
1630241,Sam Merrill,1610612739,CLE,28.0,6-4,76,205,Utah State,USA,2020,2,60,65,465,140,94,11.3,0.027,0.075,0.142,0.579,0.097
1630572,Sandro Mamukelashvili,1610612759,SAS,25.0,6-9,81,240,Seton Hall,Georgia,2021,2,54,51,291,136,35,4.3,0.093,0.179,0.205,0.657,0.113
1630583,Santi Aldama,1610612763,MEM,24.0,7-0,84,215,Loyola-Maryland,Spain,2021,1,30,57,722,374,166,6.3,0.056,0.187,0.181,0.588,0.151
1630703,Scoot Henderson,1610612757,POR,21.0,6-3,75,206,None,USA,2023,1,3,66,837,198,335,-1.3,0.028,0.083,0.22,0.54,0.274
1630567,Scottie Barnes,1610612761,TOR,23.0,6-7,79,237,Florida State,USA,2021,1,4,59,1151,460,349,-2.9,0.048,0.175,0.261,0.527,0.28
1630590,Scotty Pippen Jr.,1610612763,MEM,24.0,6-1,73,170,Vanderbilt,USA,Undrafted,Undrafted,Undrafted,71,679,241,314,2.3,0.037,0.111,0.187,0.578,0.285
203552,Seth Curry,1610612766,CHA,34.0,6-1,73,185,Duke,USA,Undrafted,Undrafted,Undrafted,62,376,98,49,-7.7,0.023,0.077,0.149,0.599,0.081
1631101,Shaedon Sharpe,1610612757,POR,21.0,6-5,77,208,Kentucky,Canada,2022,1,7,66,1168,281,171,-4.9,0.029,0.108,0.244,0.549,0.133
1628983,Shai Gilgeous-Alexander,1610612760,OKC,26.0,6-6,78,195,Kentucky,Canada,2018,1,11,70,2301,353,440,17.0,0.024,0.113,0.336,0.64,0.294
1629003,Shake Milton,1610612747,LAL,28.0,6-5,77,205,Southern Methodist,USA,2018,2,54,53,297,100,99,-6.2,0.037,0.09,0.16,0.57,0.188
1631321,Sidy Cissoko,1610612757,POR,20.0,6-6,78,200,None,France,2023,2,44,20,22,11,6,-2.1,0.068,0.091,0.155,0.533,0.154
1631323,Simone Fontecchio,1610612765,DET,29.0,6-7,79,209,None,Italy,Undrafted,Undrafted,Undrafted,67,410,198,60,1.7,0.036,0.132,0.151,0.548,0.071
1627746,Skal Labissiere,1610612758,SAC,29.0,6-10,82,235,Kentucky,Haiti,2016,1,28,4,5,3,1,-13.2,0.083,0.222,0.129,0.625,0.125
203915,Spencer Dinwiddie,1610612742,DAL,31.0,6-5,77,215,Colorado,USA,2014,2,38,72,794,178,296,-3.2,0.008,0.081,0.176,0.559,0.216
1642461,Spencer Jones,1610612743,DEN,23.0,6-7,79,225,Stanford,USA,Undrafted,Undrafted,Undrafted,19,22,13,3,-15.6,0.064,0.057,0.129,0.403,0.045
1630649,Stanley Umude,1610612749,MIL,25.0,6-6,78,210,Arkansas,USA,Undrafted,Undrafted,Undrafted,20,12,15,3,-11.8,0.051,0.159,0.152,0.242,0.077
201939,Stephen Curry,1610612744,GSW,37.0,6-2,74,185,Davidson,USA,2009,1,7,61,1472,265,368,4.8,0.015,0.115,0.283,0.613,0.283
1642264,Stephon Castle,1610612759,SAS,20.0,6-6,78,215,Connecticut,USA,2024,1,4,71,1008,237,262,-2.8,0.038,0.085,0.251,0.519,0.211
203500,Steven Adams,1610612745,HOU,31.0,6-11,83,265,Pittsburgh,New Zealand,2013,1,12,53,201,291,64,9.7,0.185,0.185,0.13,0.531,0.116
1629004,Svi Mykhailiuk,1610612762,UTA,27.0,6-7,79,205,Kansas,Ukraine,2018,2,47,31,268,71,56,-4.5,0.023,0.086,0.207,0.511,0.134
204456,T.J. McConnell,1610612754,IND,33.0,6-1,73,190,Arizona,USA,2015,0,,70,644,173,315,-2.4,0.032,0.106,0.228,0.548,0.362
201959,Taj Gibson,1610612766,CHA,39.0,6-9,81,232,Southern California,USA,2009,1,26,29,86,100,16,-12.6,0.121,0.161,0.134,0.531,0.082
1629659,Talen Horton-Tucker,1610612741,CHI,24.0,6-4,76,234,Iowa State,USA,2019,2,46,50,270,84,64,-1.8,0.025,0.11,0.204,0.544,0.164
1631106,Tari Eason,1610612745,HOU,23.0,6-8,80,215,Louisiana State,USA,2022,1,17,51,624,331,71,6.5,0.081,0.159,0.183,0.574,0.077
1627752,Taurean Prince,1610612749,MIL,31.0,6-6,78,218,Baylor,USA,2016,1,12,72,585,260,145,0.0,0.017,0.111,0.123,0.612,0.098
1641707,Taylor Hendricks,1610612762,UTA,21.0,6-9,81,215,Central Florida,USA,2023,1,9,3,14,15,2,-13.5,0.054,0.115,0.113,0.354,0.04
1631386,Tazé Moore,1610612757,POR,26.0,6-5,77,195,Houston,USA,Undrafted,Undrafted,Undrafted,2,6,8,1,-18.6,0.121,0.16,0.224,0.276,0.125
1629611,Terance Mann,1610612737,ATL,28.0,6-5,77,215,Florida State,USA,2019,2,48,58,434,169,103,-5.1,0.045,0.095,0.143,0.581,0.119
1630545,Terrence Shannon Jr.,1610612750,MIN,24.0,6-6,78,215,Illinois,USA,2024,1,27,31,138,46,32,0.2,0.029,0.1,0.167,0.56,0.139
1626179,Terry Rozier,1610612748,MIA,31.0,6-1,73,190,Louisville,USA,2015,1,16,59,660,222,157,-5.6,0.024,0.112,0.198,0.504,0.154
1630678,Terry Taylor,1610612758,SAC,25.0,6-4,76,230,Austin Peay,USA,Undrafted,Undrafted,Undrafted,3,0,1,2,64.3,0.25,0.0,0.067,0.0,0.286
1628418,Thomas Bryant,1610612754,IND,27.0,6-10,82,248,Indiana,USA,2017,2,42,57,376,226,50,-1.0,0.09,0.173,0.163,0.616,0.085
1642275,Tidjane Salaün,1610612766,CHA,19.0,6-8,80,207,None,France,2024,1,6,51,279,228,54,-10.6,0.057,0.17,0.147,0.462,0.085
203501,Tim Hardaway Jr.,1610612765,DET,33.0,6-5,77,205,Michigan,USA,2013,1,24,69,731,165,112,0.5,0.009,0.076,0.148,0.565,0.075
202699,Tobias Harris,1610612765,DET,32.0,6-8,80,226,Tennessee,USA,2011,1,19,69,954,419,154,4.9,0.029,0.155,0.172,0.565,0.094
1628396,Tony Bradley,1610612754,IND,27.0,6-11,83,248,North Carolina,USA,2017,1,28,8,29,15,3,10.4,0.163,0.174,0.197,0.768,0.094
1628470,Torrey Craig,1610612738,BOS,34.0,6-5,77,221,South Carolina Upstate,USA,Undrafted,Undrafted,Undrafted,21,101,47,9,-6.1,0.079,0.124,0.152,0.645,0.06
1641787,Tosan Evbuomwan,1610612751,BKN,24.0,6-7,79,217,Princeton,United Kingdom,Undrafted,Undrafted,Undrafted,22,202,88,36,-1.7,0.047,0.12,0.18,0.528,0.11
1641739,Toumani Camara,1610612757,POR,24.0,6-7,79,229,Dayton,Belgium,2023,2,52,71,780,411,156,-2.6,0.065,0.11,0.141,0.567,0.093
1629027,Trae Young,1610612737,ATL,26.0,6-1,73,164,Oklahoma,USA,2018,1,5,68,1641,214,777,0.4,0.012,0.073,0.286,0.566,0.447
1631218,Trayce Jackson-Davis,1610612744,GSW,25.0,6-9,81,245,Indiana,USA,2023,2,57,56,382,296,100,-4.4,0.111,0.191,0.162,0.583,0.164
1630200,Tre Jones,1610612741,CHI,25.0,6-1,73,185,Duke,USA,2020,2,41,46,330,116,192,-1.5,0.032,0.086,0.136,0.617,0.289
1630544,Tre Mann,1610612766,CHA,24.0,6-3,75,178,Florida,USA,2021,1,18,13,183,38,39,-7.3,0.034,0.079,0.25,0.537,0.219
1630570,Trendon Watford,1610612751,BKN,24.0,6-8,80,237,Louisiana State,USA,Undrafted,Undrafted,Undrafted,36,348,120,88,-4.7,0.035,0.129,0.224,0.551,0.215
1642280,Trentyn Flowers,1610612746,LAC,20.0,6-9,81,185,None,USA,Undrafted,Undrafted,Undrafted,2,9,4,0,31.9,0.071,0.15,0.25,0.477,0.0
1630243,Trevelin Queen,1610612753,ORL,28.0,6-5,77,190,New Mexico State,USA,Undrafted,Undrafted,Undrafted,28,121,45,33,-11.3,0.052,0.067,0.172,0.447,0.136
1641725,Trey Alexander,1610612743,DEN,21.0,6-4,76,185,Creighton,USA,Undrafted,Undrafted,Undrafted,21,23,9,10,-5.0,0.0,0.093,0.152,0.374,0.159
1641998,Trey Jemison III,1610612747,LAL,25.0,6-11,83,270,Alabama-Birmingham,USA,Undrafted,Undrafted,Undrafted,33,88,92,14,-1.2,0.11,0.138,0.122,0.526,0.056
1626168,Trey Lyles,1610612758,SAC,29.0,6-9,81,234,Kentucky,Canada,2015,1,12,60,380,270,71,-2.4,0.057,0.184,0.144,0.543,0.091
1630530,Trey Murphy III,1610612740,NOP,24.0,6-8,80,206,Virginia,USA,2021,1,17,53,1124,268,188,-9.7,0.024,0.117,0.229,0.598,0.157
202684,Tristan Thompson,1610612739,CLE,34.0,6-9,81,254,Texas-Austin,Canada,2011,1,4,38,59,102,23,-10.3,0.089,0.252,0.124,0.43,0.128
1641774,Tristan Vukcevic,1610612764,WAS,22.0,7-0,84,220,None,Italy,2023,2,42,28,215,91,28,-10.0,0.05,0.19,0.244,0.599,0.141
1641783,Tristan da Silva,1610612753,ORL,23.0,6-8,80,217,Colorado,Germany,2024,1,18,69,497,230,102,-3.4,0.042,0.114,0.147,0.526,0.101
1641803,Tristen Newton,1610612750,MIN,23.0,6-5,77,190,Connecticut,USA,2024,2,49,8,3,4,2,-14.2,0.071,0.111,0.185,0.178,0.182
1629660,Ty Jerome,1610612739,CLE,27.0,6-5,77,195,Virginia,USA,2019,1,24,67,816,167,224,10.0,0.036,0.084,0.227,0.636,0.239
1631102,TyTy Washington Jr.,1610612756,PHX,23.0,6-3,75,195,Kentucky,USA,2022,1,29,13,31,12,15,0.8,0.035,0.073,0.183,0.38,0.205
1629639,Tyler Herro,1610612748,MIA,25.0,6-5,77,195,Kentucky,USA,2019,1,13,70,1651,363,389,-0.4,0.011,0.133,0.269,0.599,0.257
1642278,Tyler Kolek,1610612752,NYK,24.0,6-3,75,195,Marquette,USA,2024,2,34,37,68,18,53,-2.2,0.017,0.055,0.146,0.48,0.308
1641890,Tyler Smith,1610612749,MIL,20.0,6-9,81,224,None,USA,2024,2,33,20,47,20,4,9.8,0.042,0.165,0.208,0.577,0.082
1630169,Tyrese Haliburton,1610612754,IND,25.0,6-5,77,185,Iowa State,USA,2020,1,12,66,1230,233,608,3.6,0.017,0.087,0.211,0.612,0.38
1631213,Tyrese Martin,1610612751,BKN,26.0,6-6,78,215,Connecticut,USA,2022,2,51,55,463,199,105,-11.1,0.039,0.135,0.176,0.527,0.143
1630178,Tyrese Maxey,1610612755,PHI,24.0,6-2,74,200,Kentucky,USA,2020,1,21,52,1369,174,317,-3.5,0.007,0.087,0.293,0.562,0.276
1630623,Tyson Etienne,1610612751,BKN,25.0,6-2,74,200,Wichita State,USA,Undrafted,Undrafted,Undrafted,1,8,0,1,-4.9,0.0,0.0,0.259,0.571,0.333
1626145,Tyus Jones,1610612756,PHX,28.0,6-1,73,196,Duke,USA,2015,1,24,73,756,179,405,-1.7,0.02,0.066,0.157,0.589,0.278
1642279,Ulrich Chomche,1610612761,TOR,19.0,6-11,83,235,None,Cameroon,2024,2,57,7,5,8,2,-43.4,0.129,0.182,0.108,0.425,0.111
203995,Vasilije Micić,1610612756,PHX,31.0,6-3,75,188,None,Serbia,2014,2,52,39,269,89,127,-7.2,0.023,0.086,0.202,0.462,0.261
1641705,Victor Wembanyama,1610612759,SAS,21.0,7-3,87,235,None,France,2023,1,1,46,1116,506,168,2.5,0.054,0.255,0.3,0.594,0.184
1631246,Vince Williams Jr.,1610612763,MEM,24.0,6-4,76,205,Virginia Commonwealth,USA,2022,2,47,21,147,75,43,0.6,0.041,0.144,0.174,0.498,0.145
1628427,Vlatko Čančar,1610612743,DEN,27.0,6-8,80,236,None,Slovenia,2017,2,49,11,16,29,7,-0.4,0.048,0.189,0.1,0.421,0.093
1630249,Vít Krejčí,1610612737,ATL,24.0,6-8,80,195,None,Czech Republic,2020,2,37,48,333,126,129,-2.9,0.016,0.111,0.133,0.613,0.181
1631117,Walker Kessler,1610612762,UTA,23.0,7-0,84,245,Auburn,USA,2022,1,22,57,630,695,96,-8.4,0.145,0.234,0.132,0.665,0.083
1628976,Wendell Carter Jr.,1610612753,ORL,25.0,6-10,82,270,Duke,USA,2018,1,7,61,550,457,124,-0.7,0.083,0.21,0.158,0.539,0.119
1631111,Wendell Moore Jr.,1610612766,CHA,23.0,6-5,77,215,Duke,USA,2022,1,26,32,125,84,37,-9.9,0.055,0.141,0.131,0.55,0.132
1630214,Xavier Tillman,1610612738,BOS,26.0,6-7,79,245,Michigan State,USA,2020,2,35,29,30,38,7,-1.2,0.042,0.144,0.12,0.32,0.047
1642530,Yuki Kawamura,1610612763,MEM,23.0,5-8,68,159,None,Japan,Undrafted,Undrafted,Undrafted,20,24,7,14,-0.8,0.0,0.091,0.187,0.487,0.318
1641879,Yuri Collins,1610612744,GSW,24.0,6-0,72,190,St. Louis,USA,Undrafted,Undrafted,Undrafted,2,2,3,4,-17.0,0.083,0.071,0.068,0.333,0.333
1642274,Yves Missi,1610612740,NOP,20.0,6-11,83,235,Baylor,Cameroon,2024,1,21,68,611,550,88,-12.2,0.122,0.17,0.14,0.571,0.068
1642258,Zaccharie Risacher,1610612737,ATL,19.0,6-8,80,200,None,France,2024,1,1,66,796,240,83,-3.4,0.045,0.1,0.2,0.547,0.069
1628380,Zach Collins,1610612741,CHI,27.0,6-11,83,250,Gonzaga,USA,2017,1,10,55,348,230,90,-1.1,0.094,0.166,0.167,0.608,0.154
1641744,Zach Edey,1610612763,MEM,22.0,7-4,88,305,Purdue,Canada,2024,1,9,58,536,441,54,3.8,0.158,0.184,0.161,0.621,0.059
203897,Zach LaVine,1610612758,SAC,30.0,6-5,77,200,UCLA,USA,2014,1,13,65,1502,287,277,-0.4,0.009,0.11,0.251,0.637,0.18
1630192,Zeke Nnaji,1610612743,DEN,24.0,6-9,81,240,Arizona,USA,2020,1,22,53,175,86,21,0.0,0.055,0.083,0.12,0.581,0.049
1630533,Ziaire Williams,1610612751,BKN,23.0,6-9,81,185,Stanford,USA,2021,1,10,58,592,273,80,-10.6,0.04,0.157,0.18,0.549,0.088
1629627,Zion Williamson,1610612740,NOP,24.0,6-6,78,284,Duke,USA,2019,1,1,30,737,216,159,-1.8,0.08,0.152,0.325,0.6,0.325
1642389,Zyon Pullin,1610612763,MEM,24.0,6-4,76,206,Florida,USA,Undrafted,Undrafted,Undrafted,3,0,0,0,16.7,0.0,0.0,0.167,0.0,0.0
